row,date,q,rain,temp,ETP_dint,peff
"2",2009-05-01,0.101729166666667,1,10.275,1.9478604135266,0
"3",2009-05-02,0.0709791666666667,6,9.63333333333333,1.96631886149213,4.03368113850787
"4",2009-05-03,0.08834375,13.6,9.1875,1.98525317088532,11.6147468291147
"5",2009-05-04,0.40103125,16.8,10.1125,2.00470095436527,14.7952990456347
"6",2009-05-05,0.7945,26.2,10.875,2.02469982459107,24.1753001754089
"7",2009-05-06,0.784072916666667,9.2,10.6833333333333,2.04528739422181,7.15471260577818
"8",2009-05-07,0.243677083333333,14.2,8.0125,2.06650127591658,12.1334987240834
"9",2009-05-08,0.310197916666667,10.5,8.57083333333333,2.08837908233448,8.41162091766552
"10",2009-05-09,0.250114583333333,1.7,8.26666666666667,2.11095842613458,0
"11",2009-05-10,0.122697916666667,0,9.07916666666667,2.13427691997598,0
"12",2009-05-11,0.06265625,0,10.5708333333333,2.15837217651778,0
"13",2009-05-12,0.0461354166666667,0,10.1375,2.18328180841907,0
"14",2009-05-13,0.03871875,1.3,10.3958333333333,2.20904342833893,0
"15",2009-05-14,0.0326041666666667,7.7,10.0913043478261,2.23569464893646,5.46430535106354
"16",2009-05-15,0.0601666666666667,3,9.54583333333333,2.26327308287074,0.73672691712926
"17",2009-05-16,0.0774583333333333,3.8,9.4625,2.29179639728956,1.50820360271044
"18",2009-05-17,0.0674375,7.4,9.0625,2.32120247729547,5.07879752270453
"19",2009-05-18,0.12609375,0.4,9.57083333333333,2.3514092624797,0
"20",2009-05-19,0.0959791666666667,7,10.0458333333333,2.3823346924335,4.6176653075665
"21",2009-05-20,0.14509375,1.5,10.4291666666667,2.41389670674809,0
"22",2009-05-21,0.0712083333333333,3,10.0333333333333,2.44601324501472,0.553986754985275
"23",2009-05-22,0.0691666666666667,2.7,12.625,2.47860224682463,0.221397753175368
"24",2009-05-23,0.196104166666667,8.5,11.6125,2.51158165176905,5.98841834823095
"25",2009-05-24,0.10375,0.6,11.8791666666667,2.54486939943922,0
"26",2009-05-25,0.0728125,4.7,11.7041666666667,2.57838342942638,2.12161657057362
"27",2009-05-26,0.0768541666666667,5.4,9.7625,2.61204168132177,2.78795831867823
"28",2009-05-27,0.145708333333333,3.8,11.7125,2.64576209471662,1.15423790528338
"29",2009-05-28,0.228739583333333,0,14.2833333333333,2.67946260920218,0
"30",2009-05-29,0.0731354166666667,0,16.1625,2.71306116436967,0
"31",2009-05-30,0.0473125,0,16.9375,2.74647569981035,0
"32",2009-05-31,0.03809375,0,17.4,2.77962415511544,0
"33",2009-06-01,0.03225,0,17.9916666666667,2.81242446987618,0
"34",2009-06-02,0.0275416666666667,0,18.9333333333333,2.84479458368382,0
"35",2009-06-03,0.0246770833333333,0,15.2291666666667,2.87665243612958,0
"36",2009-06-04,0.0227083333333333,0,12.2041666666667,2.90791596680472,0
"37",2009-06-05,0.02134375,0,10.3583333333333,2.93850311530046,0
"38",2009-06-06,0.0202291666666667,0,10.075,2.96833182120804,0
"39",2009-06-07,0.01846875,0,10.5291666666667,2.99732002411871,0
"40",2009-06-08,0.018,0,11.9791666666667,3.02538566362369,0
"41",2009-06-09,0.0172395833333333,0,11.175,3.05244667931424,0
"42",2009-06-10,0.0163541666666667,0,11.0913043478261,3.07842101078157,0
"43",2009-06-11,0.0154166666666667,0.5,11.6958333333333,3.10322659761694,0
"44",2009-06-12,0.0141145833333333,5,11.5666666666667,3.12678137941159,1.87321862058841
"45",2009-06-13,0.0129375,5,13.3833333333333,3.14900329575674,1.85099670424326
"46",2009-06-14,0.0231354166666667,8.3,12.9416666666667,3.16981028624363,5.13018971375637
"47",2009-06-15,0.025125,2.4,13.9,3.18912029046351,0
"48",2009-06-16,0.0153854166666667,22,14.6708333333333,3.20687299519586,18.7931270048041
"49",2009-06-17,0.135354166666667,1.6,12.4416666666667,3.22309507597308,0
"50",2009-06-18,0.0503854166666667,11.7,11.8583333333333,3.23783495551585,8.46216504448415
"51",2009-06-19,0.0924166666666667,5.4,12.2869565217391,3.25114105654483,2.14885894345517
"52",2009-06-20,0.1075,1.2,12.5125,3.26306180178067,0
"53",2009-06-21,0.0550208333333333,0.9,13.0708333333333,3.27364561394405,0
"54",2009-06-22,0.0388020833333333,0,15.1666666666667,3.28294091575561,0
"55",2009-06-23,0.0305104166666667,0,18.9583333333333,3.29099612993603,0
"56",2009-06-24,0.0243229166666667,0,18.1458333333333,3.29785967920596,0
"57",2009-06-25,0.02096875,0,16.2791666666667,3.30357998628606,0
"58",2009-06-26,0.0188229166666667,0,18.5434782608696,3.308205473897,0
"59",2009-06-27,0.0173645833333333,0,18.1583333333333,3.31178456475944,0
"60",2009-06-28,0.01615625,6.6,17.3166666666667,3.31436568159404,3.28563431840596
"61",2009-06-29,0.0154479166666667,0,17.7333333333333,3.31599724712145,0
"62",2009-06-30,0.01434375,2.6,17.4166666666667,3.31672768406235,0
"63",2009-07-01,0.0140208333333333,26.7,17.9913043478261,3.31660541513739,23.3833945848626
"64",2009-07-02,0.05803125,13,18.825,3.31567886306723,9.68432113693277
"65",2009-07-03,0.4204375,2.2,17.725,3.31399645057254,0
"66",2009-07-04,0.124604166666667,14.6,15.7125,3.31160660037397,11.288393399626
"67",2009-07-05,0.151135416666667,5,14.4291666666667,3.30855773519219,1.69144226480781
"68",2009-07-06,0.159541666666667,1.4,14.9125,3.30489827774786,0
"69",2009-07-07,0.073625,1.6,14.9958333333333,3.30067665076164,0
"70",2009-07-08,0.0470416666666667,0,14.3083333333333,3.2959412769542,0
"71",2009-07-09,0.0358854166666667,0,13.8083333333333,3.29074057904618,0
"72",2009-07-10,0.02959375,0,14.75,3.28512297975826,0
"73",2009-07-11,0.02496875,8.9,16.05,3.2791369018111,5.6208630981889
"74",2009-07-12,0.0246041666666667,1.8,15.4541666666667,3.27283076792535,0
"75",2009-07-13,0.0233541666666667,5.5,14.075,3.26625300082168,2.23374699917832
"76",2009-07-14,0.05675,16,14.2,3.25945202322075,12.7405479767792
"77",2009-07-15,0.096125,0.2,14.5791666666667,3.25247625784323,0
"78",2009-07-16,0.0411666666666667,1.3,14.0875,3.24536358287192,0
"79",2009-07-17,0.0317083333333333,1.3,14.8666666666667,3.23810969833829,0
"80",2009-07-18,0.203614583333333,11.2,13.6375,3.23069975973596,7.96930024026404
"81",2009-07-19,0.0951354166666667,6,14.1666666666667,3.22311892255853,2.77688107744147
"82",2009-07-20,0.0465833333333333,4,14.4083333333333,3.21535234229963,0.78464765770037
"83",2009-07-21,0.111229166666667,1,14.1291666666667,3.20738517445287,0
"84",2009-07-22,0.1448125,2.5,14.9041666666667,3.19920257451187,0
"85",2009-07-23,0.36775,14,14.4208333333333,3.19078969797024,10.8092103020298
"86",2009-07-24,0.256958333333333,0,14.6583333333333,3.1821317003216,0
"87",2009-07-25,0.0685833333333333,8.5,14.4125,3.17321373705956,5.32678626294044
"88",2009-07-26,0.137333333333333,4.8,15.4125,3.16402096367774,1.63597903632226
"89",2009-07-27,0.12378125,2,14.3583333333333,3.15453853566976,0
"90",2009-07-28,0.0727708333333333,5.2,13.9958333333333,3.14475160852923,2.05524839147077
"91",2009-07-29,0.0714375,1,14.2333333333333,3.13464533774976,0
"92",2009-07-30,0.05003125,0.7,13.3875,3.12420487882498,0
"93",2009-07-31,0.04065625,5,13.9083333333333,3.1134153872485,1.8865846127515
"94",2009-08-01,0.441604166666667,13.7,13.4083333333333,3.10226201851393,10.5977379814861
"95",2009-08-02,0.28159375,2.2,14.1208333333333,3.09072992811489,0
"96",2009-08-03,0.104583333333333,3.9,15.525,3.07880427154499,0.821195728455006
"97",2009-08-04,0.0939895833333333,0,16.3125,3.06647020429786,0
"98",2009-08-05,0.05875,0,16.05,3.0537128818671,0
"99",2009-08-06,0.0411770833333333,1.9,14.5583333333333,3.04051745974634,0
"100",2009-08-07,0.0336041666666667,0,14.3541666666667,3.02686909342919,0
"101",2009-08-08,0.02875,0,14.6875,3.01275293840926,0
"102",2009-08-09,0.0249791666666667,8.3,14.475,2.99815415018016,5.30184584981984
"103",2009-08-10,0.0664791666666667,1.5,15.6416666666667,2.98305788423553,0
"104",2009-08-11,0.0695729166666667,7,14.4875,2.96744929606897,4.03255070393103
"105",2009-08-12,0.0868125,0.5,14.5375,2.95131354117409,0
"106",2009-08-13,0.0490625,3.6,14.1916666666667,2.93463577504452,0.665364224955484
"107",2009-08-14,0.17609375,24.3,15.9458333333333,2.91740115317386,21.3825988468261
"108",2009-08-15,0.49375,2.3,15.0291666666667,2.89959483105574,0
"109",2009-08-16,0.106479166666667,12.9,14.9666666666667,2.88121015346481,10.0187898465352
"110",2009-08-17,0.50775,5.6,15.0833333333333,2.86227322229991,2.73772677770009
"111",2009-08-18,0.204677083333333,5,17.2791666666667,2.8428183287409,2.1571816712591
"112",2009-08-19,0.281416666666667,17.7,16.5416666666667,2.82287976396767,14.8771202360323
"113",2009-08-20,0.541197916666667,7.6,13.8916666666667,2.80249181916009,4.79750818083991
"114",2009-08-21,0.245479166666667,2,12.8166666666667,2.78168878549803,0
"115",2009-08-22,0.0858645833333333,16,13.6875,2.76050495416136,13.2394950458386
"116",2009-08-23,0.652572916666667,17.6,14.6916666666667,2.73897461632996,14.86102538367
"117",2009-08-24,0.2486875,1,12.7666666666667,2.71713206318371,0
"118",2009-08-25,0.0881041666666667,9.9,14,2.69501158590248,7.20498841409752
"119",2009-08-26,0.281614583333333,1.1,14.2416666666667,2.67264747566614,0
"120",2009-08-27,0.184770833333333,7.4,12.6333333333333,2.65007402365457,4.74992597634543
"121",2009-08-28,0.304666666666667,9.6,11.9666666666667,2.62732552104764,6.97267447895236
"122",2009-08-31,0.907875,6.8,13.9928571428571,2.60443625902523,4.19556374097477
"123",2009-09-01,0.214145833333333,2.1,12.8833333333333,2.5814405287672,0
"124",2009-09-02,0.1119375,7.9,12.675,2.55837262145345,5.34162737854655
"125",2009-09-03,0.279364583333333,6.8,12.6958333333333,2.53526682826383,4.26473317173617
"126",2009-09-04,0.245677083333333,6.7,12.9583333333333,2.51215744037822,4.18784255962178
"127",2009-09-05,0.202427083333333,4.8,13.625,2.48907874897651,2.31092125102349
"128",2009-09-06,0.198833333333333,3.9,13.3458333333333,2.46606504523855,1.43393495476145
"129",2009-09-07,0.188625,7.7,14.1291666666667,2.44315062034423,5.25684937965577
"130",2009-09-08,0.263083333333333,1.8,15,2.42036976547343,0
"131",2009-09-09,0.132104166666667,0,13.35,2.397756771806,0
"132",2009-09-10,0.0696666666666667,0,11.7666666666667,2.37534593052184,0
"133",2009-09-11,0.052125,0,12.3916666666667,2.35317153280081,0
"134",2009-09-12,0.0430833333333333,0,12.4708333333333,2.33126786982279,0
"135",2009-09-13,0.037625,0,12.5208333333333,2.30966923276766,0
"136",2009-09-14,0.0304270833333333,0,14.1041666666667,2.28840991281527,0
"137",2009-09-15,0.0255833333333333,0,12.8083333333333,2.26752420114552,0
"138",2009-09-16,0.0236458333333333,0,12.0833333333333,2.24703578407454,0
"139",2009-09-17,0.0221666666666667,0,11.0333333333333,2.2269259284635,0
"140",2009-09-18,0.0203958333333333,2.2,11.0375,2.20716529630982,0
"141",2009-09-19,0.01996875,0,12.6208333333333,2.18772454961096,0
"142",2009-09-20,0.01834375,10.1,12.025,2.16857435036434,7.93142564963566
"143",2009-09-21,0.153479166666667,5.7,14.9125,2.1496853605674,3.5503146394326
"144",2009-09-22,0.0777916666666667,1.3,13.0916666666667,2.13102824221757,0
"145",2009-09-23,0.04296875,0.8,12.3208333333333,2.11257365731228,0
"146",2009-09-24,0.0353125,0,13.1083333333333,2.09429226784898,0
"147",2009-09-25,0.03040625,0,13.975,2.07615473582509,0
"148",2009-09-26,0.02596875,1,14.95,2.05813172323804,0
"149",2009-09-27,0.0241041666666667,1.3,14.5041666666667,2.04019389208528,0
"150",2009-09-28,0.0296145833333333,1.5,13.7208333333333,2.02231190436424,0
"151",2009-09-29,0.127135416666667,1.5,13.6083333333333,2.00445642207235,0
"152",2009-09-30,0.129385416666667,0.6,12.9,1.98659810720704,0
"153",2009-10-01,0.0916875,1,11.3041666666667,1.96870762176575,0
"154",2009-10-02,0.1013125,5,12.7625,1.95075562774592,3.04924437225408
"155",2009-10-03,0.139770833333333,9.6,11.5208333333333,1.93271278714498,7.66728721285502
"156",2009-10-04,0.238177083333333,2.4,9.425,1.91454976196036,0.485450238039644
"157",2009-10-05,0.10628125,0.9,11.2083333333333,1.89623721418949,0
"158",2009-10-06,0.0547604166666667,0,10.7625,1.87774580582982,0
"159",2009-10-07,0.0418541666666667,1.8,10.2875,1.85904619887877,0
"160",2009-10-08,0.0357291666666667,0,9.44166666666667,1.84010905533379,0
"161",2009-10-09,0.04909375,8.8,10.6208333333333,1.82090503719229,6.97909496280771
"162",2009-10-10,0.0702291666666667,2.7,11.9,1.80140480645173,0.89859519354827
"163",2009-10-11,0.0808645833333333,0,11.1958333333333,1.78157902510953,0
"164",2009-10-12,0.0611458333333333,0,9.36666666666667,1.76139835516313,0
"165",2009-10-13,0.0446041666666667,0,13.5375,1.74083345860995,0
"166",2009-10-14,0.0396666666666667,0,13.4958333333333,1.71985499744745,0
"167",2009-10-15,0.0368125,1,12.0666666666667,1.69843363367304,0
"168",2009-10-16,0.0335,0,11.0625,1.67654904463979,0
"169",2009-10-17,0.0306770833333333,2.2,9.0875,1.65421696912319,0.545783030876807
"170",2009-10-18,0.031125,11.5,10.675,1.63146216125439,9.86853783874561
"171",2009-10-19,0.14775,9.6,11.1125,1.60830937516451,7.99169062483549
"172",2009-10-20,0.117416666666667,0.6,10.1583333333333,1.58478336498468,0
"173",2009-10-21,0.0932604166666667,3.4,10.975,1.56090888484602,1.83909111515398
"174",2009-10-22,0.0951458333333333,1.8,11.6208333333333,1.53671068887967,0.263289311120326
"175",2009-10-23,0.07003125,5.7,11.1916666666667,1.51221353121676,4.18778646878324
"176",2009-10-24,0.47684375,25.8,12.8125,1.48744216598841,24.3125578340116
"177",2009-10-25,0.37391,3,12.3125,1.46242134732575,1.53757865267425
"178",2009-10-26,0.18775,6.5,11.6,1.43717582935991,5.06282417064009
"179",2009-10-27,0.208104166666667,3,14.5125,1.41173036622202,1.58826963377798
"180",2009-10-28,0.132145833333333,0.1,14.6583333333333,1.3861097120432,0
"181",2009-10-29,0.07290625,3.6,14.9875,1.3603386209546,2.2396613790454
"182",2009-10-30,0.2629375,8.2,15.4833333333333,1.33444184708732,6.86555815291268
"183",2009-10-31,0.161510416666667,18,13.575,1.30844414457251,16.6915558554275
"184",2009-11-01,0.802135416666667,17,9.9,1.2823702675413,15.7176297324587
"185",2009-11-02,0.391260416666667,16.8,9.4,1.2562449701248,15.5437550298752
"186",2009-11-03,0.741364583333333,21.6,9.45,1.23009300645415,20.3699069935459
"187",2009-11-04,0.95821875,15.2,9.18333333333333,1.20393913066048,13.9960608693395
"188",2009-11-05,0.717854166666667,17,9.59166666666667,1.17780809687491,15.8221919031251
"189",2009-11-06,0.783010416666667,19,7.6375,1.15172465922858,17.8482753407714
"190",2009-11-07,0.584229166666667,3,6.90416666666667,1.12571357185262,1.87428642814738
"191",2009-11-08,0.24290625,0.2,8.575,1.09979958887814,0
"192",2009-11-09,0.419083333333333,18,7.88333333333333,1.07400746443628,16.9259925355637
"193",2009-11-10,0.444270833333333,0.1,7.79583333333333,1.04836195265818,0
"194",2009-11-11,0.109666666666667,6.2,5.03333333333333,1.02288780767495,5.17711219232505
"195",2009-11-12,0.32284375,14.9,7.70833333333333,0.997609783617728,13.9023902163823
"196",2009-11-13,0.22940625,13.6,7.02083333333333,0.97255263461764,12.6274473653824
"197",2009-11-14,0.190354166666667,0.7,7.225,0.947741114805816,0
"198",2009-11-15,0.110041666666667,25.3,8.89166666666667,0.923199978313383,24.3768000216866
"199",2009-11-16,1.01991666666667,16.5,8.80833333333333,0.898953122962799,15.6010468770372
"200",2009-11-17,0.469958333333333,14.4,7.15416666666667,0.87502102134183,13.5249789786582
"201",2009-11-18,0.81071875,15.1,8.4,0.851423289729571,14.2485767102704
"202",2009-11-19,0.663458333333333,10,12.7958333333333,0.828179544405118,9.17182045559488
"203",2009-11-20,0.231010416666667,16.7,8.7625,0.805309401647565,15.8946905983524
"204",2009-11-21,0.357885416666667,18.7,9.57083333333333,0.782832477736006,17.917167522264
"205",2009-11-22,0.46525,15,8.24583333333333,0.760768388949538,14.2392316110505
"206",2009-11-23,0.684479166666667,9.8,9.1125,0.739136751567254,9.06086324843275
"207",2009-11-24,0.565427083333333,9.5,9.20416666666667,0.71795718186825,8.78204281813175
"208",2009-11-25,0.315552083333333,9.9,7.40833333333333,0.69724929613162,9.20275070386838
"209",2009-11-26,0.278677083333333,4.7,5.92083333333333,0.677032710636459,4.02296728936354
"210",2009-11-27,0.187666666666667,0.6,5.9375,0.657327041661863,0
"211",2009-11-28,0.106645833333333,0.2,1.47391304347826,0.638151905486926,0
"212",2009-11-29,0.0657291666666667,0,4.3,0.619526918390744,0
"213",2009-11-30,0.05084375,0.2,2.7,0.60147169665241,0
"214",2009-12-01,0.0507291666666667,3.6,4.71666666666667,0.58400585655102,3.01599414344898
"215",2009-12-02,0.0640104166666667,8.2,7.02083333333333,0.567149014365669,7.63285098563433
"216",2009-12-03,0.210677083333333,3.7,5.7,0.550920786375451,3.14907921362455
"217",2009-12-04,0.201572916666667,1.9,6.35833333333333,0.535340788859462,1.36465921114054
"218",2009-12-05,0.157697916666667,5.6,7.61666666666667,0.520428638096797,5.0795713619032
"219",2009-12-06,0.17690625,9.5,6.7375,0.506203950366549,8.99379604963345
"220",2009-12-07,0.17734375,2.3,6.425,0.492686341947815,1.80731365805218
"221",2009-12-08,0.230177083333333,3.2,8.47916666666667,0.479895429119689,2.72010457088031
"222",2009-12-09,0.2080625,1,7.5125,0.467850828161266,0.532149171838734
"223",2009-12-10,0.12778125,2.3,3.99583333333333,0.456572155351641,1.84342784464836
"224",2009-12-11,0.07453125,0,7.67083333333333,0.446079026969909,0
"225",2009-12-12,0.0585208333333333,0,4.42083333333333,0.436391059295164,0
"226",2009-12-13,0.0473125,0,1.19411764705882,0.427527868606502,0
"227",2009-12-14,0.0406666666666667,1.1,5.805,0.419509071183018,0.680490928816982
"228",2009-12-15,0.0370833333333333,0,5.39565217391304,0.412354283303805,0
"229",2009-12-16,0.03425,0.6,5.0875,0.406072278512042,0.193927721487958
"230",2009-12-17,0.0322395833333333,0,3.01666666666667,0.400628459407226,0
"231",2009-12-18,0.0299895833333333,0,1.84444444444444,0.395977385852941,0
"232",2009-12-19,0.02809375,5.4,3.42272727272727,0.392073617712768,5.00792638228723
"233",2009-12-20,0.0316875,10.3,2.4125,0.388871714850288,9.91112828514971
"234",2009-12-21,0.0340208333333333,2.8,1.54583333333333,0.386326237129082,2.41367376287092
"235",2009-12-22,0.0379270833333333,0.5,3.32083333333333,0.384391744412733,0.115608255587267
"236",2009-12-23,0.0428958333333333,0.2,1.31428571428571,0.383022796564821,0
"237",2009-12-24,0.0408541666666667,0,0.95,0.382173953448928,0
"238",2009-12-25,0.0353229166666667,7,1.24,0.381799774928636,6.61820022507136
"239",2009-12-26,0.0415833333333333,8.2,2.72916666666667,0.381854820867525,7.81814517913247
"240",2009-12-27,0.279885416666667,6,3.7875,0.382293651129178,5.61770634887082
"241",2009-12-28,0.21165625,0.5,0.1,0.383070825577176,0.116929174422824
"242",2009-12-29,0.0783541666666667,3,1.58333333333333,0.384140904075101,2.6158590959249
"243",2009-12-30,0.1075625,4.4,2.28333333333333,0.385458446486533,4.01454155351347
"244",2009-12-31,0.136125,0,2.42,0.386978012675055,0
"245",2010-01-01,0.0668125,0,2.4125,0.388654162504248,0
"246",2010-01-02,0.048125,0.5,2.93333333333333,0.390441455837693,0.109558544162307
"247",2010-01-03,0.0489166666666667,0,1.46666666666667,0.392294452538971,0
"248",2010-01-04,0.0416770833333333,0,2.42142857142857,0.394167712471665,0
"249",2010-01-05,0.0368333333333333,0.6,1.335,0.396015795499356,0.203984204500644
"250",2010-01-06,0.0331666666666667,0,1.51666666666667,0.397793261485625,0
"251",2010-01-07,0.0306041666666667,0,1.55,0.399454670294054,0
"252",2010-01-08,0.0275625,0,0.1,0.400954581788224,0
"253",2010-01-10,0.0235520833333333,3,1.54166666666667,0.402247555831716,2.59775244416828
"254",2010-01-11,0.0220833333333333,1.2,1.3375,0.403288152288113,0.796711847711887
"255",2010-01-12,0.0273645833333333,11.6,2.5125,0.404030931020995,11.195969068979
"256",2010-01-13,0.0949166666666667,1,2.3875,0.404430451893944,0.595569548106056
"257",2010-01-14,0.190333333333333,1.4,3.5375,0.404441274770542,0.995558725229458
"258",2010-01-15,0.690770833333333,10.1,8.0375,0.40401795951437,9.69598204048563
"259",2010-01-16,0.451947916666667,5.2,7.0875,0.403131669128057,4.79686833087194
"260",2010-01-17,0.153364583333333,4.9,7.37916666666667,0.401819979170419,4.49818002082958
"261",2010-01-18,0.182177083333333,2.2,8,0.40013706833932,1.79986293166068
"262",2010-01-19,0.127875,7.4,5.89166666666667,0.398137115332625,7.00186288466738
"263",2010-01-20,0.16884375,1,5.0875,0.395874298848197,0.604125701151803
"264",2010-01-21,0.131833333333333,5.8,7.4,0.3934027975839,5.4065972024161
"265",2010-01-22,0.189166666666667,0,5.31739130434783,0.390776790237599,0
"266",2010-01-23,0.0778958333333333,0,2.175,0.388050455507157,0
"267",2010-01-24,0.052625,0,2.8,0.385277972090438,0
"268",2010-01-25,0.0432083333333333,0,2.20714285714286,0.382513518685307,0
"269",2010-01-26,0.0385625,0.5,3.40416666666667,0.379811273989626,0.120188726010374
"270",2010-01-27,0.0586354166666667,5.5,7.79166666666667,0.377225416701261,5.12277458329874
"271",2010-01-28,0.107479166666667,8.8,7.35,0.374810125518075,8.42518987448193
"272",2010-01-29,0.38028125,3.3,4.44583333333333,0.372619579137931,2.92738042086207
"273",2010-01-30,0.117541666666667,2,1.9,0.370707956258695,1.6292920437413
"274",2010-01-31,0.0763333333333333,1.8,2.3875,0.36912943557823,1.43087056442177
"275",2010-02-01,0.0709166666666667,9.5,4.075,0.367938195794399,9.1320618042056
"276",2010-02-02,0.429552083333333,2.3,6.53333333333333,0.367188415605068,1.93281158439493
"277",2010-02-03,0.197520833333333,4.2,4.08333333333333,0.3669342737081,3.8330657262919
"278",2010-02-04,0.174229166666667,12.8,5.95416666666667,0.367229948801358,12.4327700511986
"279",2010-02-05,0.509333333333333,0,5.59583333333333,0.368129619582707,0
"280",2010-02-06,0.107802083333333,0,3.62916666666667,0.369687464750011,0
"281",2010-02-07,0.0618854166666667,0,3.8125,0.371957663001133,0
"282",2010-02-08,0.0474166666666667,0,3.37916666666667,0.374994393033938,0
"283",2010-02-09,0.0398229166666667,0,3.18333333333333,0.37885183354629,0
"284",2010-02-10,0.0345625,0,3.6,0.383584163236052,0
"285",2010-02-11,0.0310520833333333,0,3.89166666666667,0.389245560801089,0
"286",2010-02-12,0.02765625,0,2.78421052631579,0.395890204939265,0
"287",2010-02-13,0.0257916666666667,0,3.20769230769231,0.403572274348443,0
"288",2010-02-14,0.0240729166666667,0,5.30526315789474,0.412345947726488,0
"289",2010-02-15,0.0271354166666667,6,5.17083333333333,0.422265403771263,5.57773459622874
"290",2010-02-16,0.0869791666666667,2.8,2.53333333333333,0.433367519026523,2.36663248097348
"291",2010-02-17,0.0841875,0,1.83,0.445619961419588,0
"292",2010-02-18,0.06315625,0,2.77142857142857,0.45897309672367,0
"293",2010-02-19,0.04790625,0,2.19473684210526,0.473377290711977,0
"294",2010-02-20,0.0415625,0,1.95,0.488782909157722,0
"295",2010-02-21,0.03753125,0,1.85384615384615,0.505140317834114,0
"296",2010-02-22,0.0348020833333333,0,2.40909090909091,0.522399882514365,0
"297",2010-02-23,0.0316041666666667,2.5,1.90666666666667,0.540511968971684,1.95948803102832
"298",2010-02-24,0.0288333333333333,0,2.1125,0.559426942979284,0
"299",2010-02-25,0.0273541666666667,2.3,2.7304347826087,0.579095170310373,1.72090482968963
"300",2010-02-26,0.0262083333333333,1,2.775,0.599467016738163,0.400532983261837
"301",2010-02-27,0.0249583333333333,0,3.82916666666667,0.620492848035866,0
"302",2010-02-28,0.02371875,0,2.69166666666667,0.64212302997669,0
"303",2010-03-01,0.0224479166666667,0.7,4.48666666666667,0.664307928333847,0.0356920716661526
"304",2010-03-02,0.0215520833333333,0,4.96,0.686997908880548,0
"305",2010-03-03,0.02096875,0,4.33333333333333,0.710143337390003,0
"306",2010-03-04,0.02003125,0,4.90833333333333,0.733694579635423,0
"307",2010-03-05,0.019,0,6.29333333333333,0.757602001390019,0
"308",2010-03-06,0.0183020833333333,0,5.19583333333333,0.781815968427001,0
"309",2010-03-07,0.0172083333333333,0,4.55789473684211,0.806286846519579,0
"310",2010-03-08,0.0169270833333333,0,5.99,0.830965001440965,0
"311",2010-03-09,0.0155,0,6.21818181818182,0.85580079896437,0
"312",2010-03-10,0.015,0,5.79285714285714,0.880744604863003,0
"313",2010-03-11,0.01434375,0.8,6.6,0.905746784910075,0
"314",2010-03-12,0.01365625,0,6.90416666666667,0.930757704878798,0
"315",2010-03-13,0.0126875,0,7.22916666666667,0.955727730542382,0
"316",2010-03-14,0.012,0,7.25416666666667,0.980607227674037,0
"317",2010-03-15,0.012,0,7.10416666666667,1.00534656204697,0
"318",2010-03-16,0.0115208333333333,0.6,7,1.02990360033197,0
"319",2010-03-17,0.00938541666666667,0,10.7875,1.05426621279006,0
"320",2010-03-18,0.00907291666666667,1.1,11.0166666666667,1.07842977057984,0.0215702294201638
"321",2010-03-19,0.009,0,8.71666666666667,1.10238964485991,0
"322",2010-03-20,0.009,0,6.86666666666667,1.12614120678887,0
"323",2010-03-21,0.009,3.4,8.86666666666667,1.14967982752533,2.25032017247467
"324",2010-03-22,0.00896875,2,7.9,1.17300087822788,0.826999121772115
"325",2010-03-23,0.00853125,11.1,7.90833333333333,1.19609973005513,9.90390026994487
"326",2010-03-24,0.016875,1.4,7.55,1.21897175416567,0.181028245834335
"327",2010-03-25,0.0216875,4.4,7.49166666666667,1.24161232171809,3.15838767828191
"328",2010-03-26,0.02709375,0.6,7.20416666666667,1.26401680387102,0
"329",2010-03-27,0.03096875,2.2,7.625,1.28618057178303,0.91381942821697
"330",2010-03-28,0.026304347826087,0,6.8,1.30809899661274,0
"331",2010-03-29,0.0367916666666667,20.8,3.325,1.32976744951874,19.4702325504813
"332",2010-03-30,0.41503125,34.6,3.0625,1.35118130165963,33.2488186983404
"333",2010-03-31,0.325104166666667,4.4,3.55416666666667,1.37233592419401,3.02766407580599
"334",2010-04-01,0.163510416666667,0,3.83333333333333,1.39322668828049,0
"335",2010-04-02,0.100041666666667,9,4.675,1.41384896507766,7.58615103492234
"336",2010-04-03,0.140260416666667,2,5.65416666666667,1.43419812574413,0.565801874255875
"337",2010-04-04,0.0780208333333333,5.3,5.65833333333333,1.45426954143848,3.84573045856152
"338",2010-04-05,0.140927083333333,18.5,10.4333333333333,1.47405858331933,17.0259414166807
"339",2010-04-06,0.611895833333333,6,7.8625,1.49356062254527,4.50643937745473
"340",2010-04-07,0.187052083333333,0.9,8.175,1.5127710302749,0
"341",2010-04-08,0.0673541666666667,0,9.76666666666667,1.53168517766683,0
"342",2010-04-09,0.0445208333333333,0,10.9583333333333,1.55029843587964,0
"343",2010-04-10,0.0357708333333333,0,12.1291666666667,1.56860617607196,0
"344",2010-04-11,0.030625,0,10.7833333333333,1.58660376940236,0
"345",2010-04-12,0.0258854166666667,0,10.4,1.60428658702945,0
"346",2010-04-13,0.0233125,0,10.5791666666667,1.62165000011184,0
"347",2010-04-14,0.0213958333333333,0,8.82916666666667,1.63868937980812,0
"348",2010-04-15,0.0198020833333333,0,8.375,1.65540009727689,0
"349",2010-04-16,0.019,0,7.8375,1.67178713775215,0
"350",2010-04-17,0.0180625,0.8,7.35416666666667,1.68789394276946,0
"351",2010-04-18,0.01703125,1.7,8.3375,1.70377356793978,0
"352",2010-04-19,0.0159583333333333,0.9,6.7047619047619,1.71947906887406,0
"353",2010-04-20,0.015,0,6.93333333333333,1.73506350118327,0
"354",2010-04-21,0.01475,0,7.18888888888889,1.75057992047835,0
"355",2010-04-22,0.014,0,7.69166666666667,1.76608138237028,0
"356",2010-04-23,0.013375,0,10.525,1.78162094247,0
"357",2010-04-24,0.0125833333333333,6,11.8625,1.79725165638848,4.20274834361152
"358",2010-04-25,0.0128333333333333,1.4,11.1708333333333,1.81302657973667,0
"359",2010-04-26,0.0123125,0.8,12.8125,1.82899876812553,0
"360",2010-04-27,0.0114166666666667,3.7,12.4833333333333,1.84522127716602,1.85477872283398
"361",2010-04-28,0.0115625,4,12.7333333333333,1.86174716246909,2.13825283753091
"362",2010-04-29,0.0173333333333333,6.9,9.8125,1.87862947964571,5.02137052035429
"363",2010-04-30,0.0696875,1,10.0958333333333,1.89592128430682,0
"364",2010-05-01,0.0366354166666667,2.3,9.35,1.9136756320634,0.386324367936598
"365",2010-05-02,0.02703125,0.6,8.49166666666667,1.9319455785264,0
"366",2010-05-03,0.0213541666666667,0,8.48333333333333,1.95078417930676,0
"367",2010-05-04,0.01834375,1,9.78333333333333,1.97024449001547,0
"368",2010-05-05,0.017,0,11.1958333333333,1.99037956626346,0
"369",2010-05-06,0.0153854166666667,0,10.3916666666667,2.0112424636617,0
"370",2010-05-07,0.01440625,0,8.65833333333333,2.03288623782114,0
"371",2010-05-08,0.014,0,8.75416666666667,2.05536394435275,0
"372",2010-05-09,0.0132291666666667,0,8.35416666666667,2.07872863886748,0
"373",2010-05-10,0.013,0,7.24583333333333,2.10303337697628,0
"374",2010-05-11,0.0122291666666667,0.6,5.85833333333333,2.12833121429013,0
"375",2010-05-12,0.012,0.7,7.13333333333333,2.15467520641997,0
"376",2010-05-13,0.011875,5.3,8.60833333333333,2.18211840897676,3.11788159102324
"377",2010-05-14,0.012,0,9.83333333333333,2.21071387757146,0
"378",2010-05-15,0.0116666666666667,5.6,10.0083333333333,2.24051466781503,3.35948533218497
"379",2010-05-16,0.0116354166666667,2,10.4875,2.27154762579401,0
"380",2010-05-17,0.0114375,0.4,11.1125,2.30373475949726,0
"381",2010-05-18,0.0106770833333333,6,12.3,2.33697186738922,3.66302813261078
"382",2010-05-19,0.0218125,1.1,13.9333333333333,2.37115474793435,0
"383",2010-05-20,0.0205416666666667,0.7,16.4875,2.40617919959709,0
"384",2010-05-21,0.0140625,0,16.7416666666667,2.44194102084188,0
"385",2010-05-22,0.0131666666666667,0,17.8375,2.47833601013318,0
"386",2010-05-23,0.0124375,0,15.225,2.51525996593542,0
"387",2010-05-24,0.0114479166666667,0,13.2291666666667,2.55260868671305,0
"388",2010-05-25,0.011,0,9.7375,2.59027797093053,0
"389",2010-05-26,0.0105416666666667,1,9.80833333333333,2.62816361705229,0
"390",2010-05-27,0.0103541666666667,3.5,9.375,2.66616142354278,0.833838576457222
"391",2010-05-28,0.00913541666666667,1.1,9.7125,2.70416718886644,0
"392",2010-05-29,0.00804166666666667,0,11.65,2.74207671148773,0
"393",2010-05-30,0.008,0,11.9833333333333,2.77978578987109,0
"394",2010-05-31,0.00797916666666667,8.5,13.1875,2.81719022248097,5.68280977751903
"395",2010-06-01,0.008,0,12.925,2.8541858077818,0
"396",2010-06-02,0.008,0,14.0333333333333,2.89066834423804,0
"397",2010-06-03,0.00782291666666667,0.6,16.725,2.92653363031413,0
"398",2010-06-04,0.00727083333333333,0,14.9875,2.96167746447453,0
"399",2010-06-05,0.00705208333333333,0,14.075,2.99599564518366,0
"400",2010-06-06,0.007,0,14.2666666666667,3.02938397090599,0
"401",2010-06-07,0.007,2.5,14.1166666666667,3.06173824010595,0
"402",2010-06-08,0.007,1.7,14.1375,3.092954251248,0
"403",2010-06-09,0.00691666666666667,2,13.1625,3.12292780279657,0
"404",2010-06-10,0.00678125,1,13.2375,3.15155469321612,0
"405",2010-06-11,0.00664583333333333,0,12.7833333333333,3.17873072097109,0
"406",2010-06-12,0.0065,0,12.9041666666667,3.20435168452592,0
"407",2010-06-13,0.00670833333333333,6,12.7208333333333,3.22831338234507,2.77168661765493
"408",2010-06-14,0.006375,0,13.725,3.25051161289297,0
"409",2010-06-15,0.0055625,0,13.1083333333333,3.27084217463408,0
"410",2010-06-16,0.005,0,14.475,3.28922790495003,0
"411",2010-06-17,0.005,0,15.45,3.30569979689125,0
"412",2010-06-18,0.005,0,14.8875,3.32031588242536,0
"413",2010-06-19,0.005,0,13.0666666666667,3.33313419351998,0
"414",2010-06-20,0.005,0,13.0458333333333,3.34421276214273,0
"415",2010-06-21,0.005,0,14.8166666666667,3.35360962026122,0
"416",2010-06-22,0.005,0,16.3291666666667,3.36138279984308,0
"417",2010-06-23,0.005,2,15.6083333333333,3.36759033285592,0
"418",2010-06-24,0.005,0.2,15.1791666666667,3.37229025126736,0
"419",2010-06-25,0.005,0.8,16.7833333333333,3.37554058704503,0
"420",2010-06-26,0.005,1.9,18.325,3.37739937215655,0
"421",2010-06-27,0.00466666666666667,2.7,15.9958333333333,3.37792463856952,0
"422",2010-06-28,0.00492708333333333,2.6,14.7166666666667,3.37717441825158,0
"423",2010-06-29,0.005,0.2,15.2478260869565,3.37520674317033,0
"424",2010-06-30,0.00453125,8.6,16.9565217391304,3.37207964529341,5.22792035470659
"425",2010-07-01,0.00703125,0,17.65,3.36785115658843,0
"426",2010-07-02,0.00545833333333333,1.9,15.6041666666667,3.362579309023,0
"427",2010-07-03,0.00492708333333333,7.3,14.6041666666667,3.35632213456475,3.94367786543524
"428",2010-07-04,0.00913541666666667,2.3,14.6791666666667,3.3491376651813,0
"429",2010-07-05,0.00880208333333333,0.5,13.7541666666667,3.34108393284027,0
"430",2010-07-06,0.00610416666666667,3.2,14.2166666666667,3.33221896950927,0
"431",2010-07-07,0.0065,0.8,14.2583333333333,3.32260080715593,0
"432",2010-07-08,0.00633333333333333,7.2,13.9916666666667,3.31228747774786,3.88771252225214
"433",2010-07-09,0.00794791666666667,4.8,13.975,3.30133701325269,1.49866298674731
"434",2010-07-10,0.035875,29.8,14.4541666666667,3.28980744563803,26.510192554362
"435",2010-07-11,0.219927083333333,2.7,13.9083333333333,3.2777568068715,0
"436",2010-07-12,0.0411145833333333,0.5,14.4125,3.26524312892072,0
"437",2010-07-13,0.0247916666666667,1.7,15.1958333333333,3.25232444375331,0
"438",2010-07-14,0.0179479166666667,7.6,15.7375,3.23905878333689,4.36094121666311
"439",2010-07-15,0.0414270833333333,17.4,15.2458333333333,3.22550417963909,14.1744958203609
"440",2010-07-16,0.292697916666667,12.2,12.8291666666667,3.21171191704208,8.98828808295792
"441",2010-07-17,0.5478125,1.2,14.4291666666667,3.19770628958632,0
"442",2010-07-18,0.0753645833333333,1.3,16.3833333333333,3.18350484372686,0
"443",2010-07-19,0.0393229166666667,0.6,16.6291666666667,3.16912512591872,0
"444",2010-07-20,0.0306458333333333,7,15.0958333333333,3.15458468261692,3.84541531738308
"445",2010-07-21,0.0721145833333333,17.2,13.2625,3.1399010602765,14.0600989397235
"446",2010-07-22,0.2934375,0.4,14.0666666666667,3.12509180535249,0
"447",2010-07-23,0.0530520833333333,1.6,13.2791666666667,3.11017446429991,0
"448",2010-07-24,0.0373541666666667,1.8,15.4125,3.0951665835738,0
"449",2010-07-25,0.0371458333333333,1.6,14.9666666666667,3.08008570962919,0
"450",2010-07-26,0.05925,3.3,16.6541666666667,3.06494938892111,0.235050611078892
"451",2010-07-27,0.07259375,5.2,14.2791666666667,3.04977516790458,2.15022483209542
"452",2010-07-28,0.121145833333333,1.5,14.2166666666667,3.03458059303464,0
"453",2010-07-29,0.0724375,16.4,14.4125,3.01938321076631,13.3806167892337
"454",2010-07-30,0.538697916666667,3.8,15.2791666666667,3.00420056755463,0.795799432445369
"455",2010-07-31,0.157291666666667,2.5,14.3666666666667,2.98905020985463,0
"456",2010-08-01,0.104364583333333,0,14.7416666666667,2.97394968412133,0
"457",2010-08-02,0.0577916666666667,2.9,13.8958333333333,2.95891653680976,0
"458",2010-08-03,0.0786770833333333,1.8,13.65,2.94396831437496,0
"459",2010-08-04,0.0755625,3.6,13.5458333333333,2.92912256327196,0.670877436728044
"460",2010-08-05,0.08753125,3.1,14.475,2.91439682995577,0.185603170044226
"461",2010-08-06,0.144708333333333,7.2,14.4875,2.89980866088145,4.30019133911855
"462",2010-08-07,0.21659375,0.1,15.025,2.885375602504,0
"463",2010-08-08,0.0666145833333333,5.5,14.0583333333333,2.87111520127848,2.62888479872152
"464",2010-08-09,0.206708333333333,14.5,14.5041666666667,2.85704500365989,11.6429549963401
"465",2010-08-10,0.374510416666667,0.4,14.225,2.84318255610328,0
"466",2010-08-11,0.084375,0.2,15.0875,2.82954540506367,0
"467",2010-08-12,0.04609375,1,14.05,2.81615109699609,0
"468",2010-08-13,0.0364375,2.7,13.7714285714286,2.80301717835558,0
"469",2010-08-14,0.0321354166666667,1.4,14.1666666666667,2.79016119559716,0
"470",2010-08-15,0.0308645833333333,0,15.025,2.77760069517586,0
"471",2010-08-16,0.0923333333333333,12.6,14.5833333333333,2.7653440291236,9.8346559708764
"472",2010-08-17,0.27259375,2.1,14.7625,2.7533627717799,0
"473",2010-08-18,0.184375,10.5,13.8458333333333,2.74161930306113,7.75838069693887
"474",2010-08-19,0.218427083333333,1.6,14.7666666666667,2.73007600288371,0
"475",2010-08-20,0.0693645833333333,0,16.9583333333333,2.71869525116401,0
"476",2010-08-21,0.0475729166666667,2.8,15.2833333333333,2.70743942781844,0.0925605721815601
"477",2010-08-22,0.0434166666666667,7.9,14.1666666666667,2.69627091276339,5.20372908723661
"478",2010-08-23,0.220385416666667,16.2,13.0458333333333,2.68515208591526,13.5148479140847
"479",2010-08-24,0.481583333333333,1.2,12.7166666666667,2.67404532719044,0
"480",2010-08-25,0.117666666666667,0,11.8875,2.66291301650532,0
"481",2010-08-26,0.0576666666666667,0,12.625,2.65171753377631,0
"482",2010-08-27,0.0432604166666667,5.6,12.5375,2.64042125891979,2.95957874108021
"483",2010-08-28,0.0428333333333333,3.2,14.1,2.62898657185216,0.571013428147837
"484",2010-08-29,0.0625416666666667,0,13.0333333333333,2.61737585248982,0
"485",2010-08-30,0.05121875,0,11.0416666666667,2.60555148074916,0
"486",2010-08-31,0.0359479166666667,0,13.25,2.59347583654657,0
"487",2010-09-01,0.025875,0,15.4208333333333,2.58111129979846,0
"488",2010-09-02,0.0223645833333333,0,15.8166666666667,2.56842025042121,0
"489",2010-09-03,0.0196979166666667,1.8,16.9833333333333,2.55536506833122,0
"490",2010-09-04,0.0180208333333333,3.1,16,2.54190813344488,0.558091866555118
"491",2010-09-05,0.0179270833333333,22.7,16.3833333333333,2.5280118256786,20.1719881743214
"492",2010-09-06,0.284322916666667,26.5,14.825,2.51363852494876,23.9863614750512
"493",2010-09-07,0.695322916666667,13,13.375,2.49875061117176,10.5012493888282
"494",2010-09-08,0.33934375,10.3,14.925,2.48331046426399,7.81668953573601
"495",2010-09-09,0.209739583333333,11.6,14.9166666666667,2.46728046414185,9.13271953585815
"496",2010-09-10,0.2528125,1.2,15.8833333333333,2.45062299072174,0
"497",2010-09-11,0.08634375,6.2,14.1083333333333,2.43330042392005,3.76669957607995
"498",2010-09-12,0.149291666666667,17.6,14.3291666666667,2.41527514365317,15.1847248563468
"499",2010-09-13,0.76003125,15.1,16.3833333333333,2.3965095298375,12.7034904701625
"500",2010-09-14,0.461552083333333,5.4,13.4708333333333,2.37696596238943,3.02303403761057
"501",2010-09-15,0.160739583333333,2.1,13.3625,2.35660682122536,0
"502",2010-09-16,0.105625,0.5,12.5708333333333,2.33540593133564,0
"503",2010-09-17,0.06134375,5.6,10.8208333333333,2.3133828980064,3.2866171019936
"504",2010-09-18,0.591854166666667,13.8,12.225,2.29056877159774,11.5094312284023
"505",2010-09-19,0.3989375,6.2,14.15,2.26699460246975,3.93300539753025
"506",2010-09-20,0.251635416666667,0,15.25,2.24269144098251,0
"507",2010-09-21,0.0814895833333333,2,15.9416666666667,2.21769033749613,0
"508",2010-09-22,0.136791666666667,8.7,15.275,2.19202234237069,6.50797765762931
"509",2010-09-23,0.252895833333333,0.8,12.8666666666667,2.16571850596628,0
"510",2010-09-24,0.0824479166666667,0,10.5916666666667,2.138809878643,0
"511",2010-09-25,0.0495729166666667,0,9.93333333333333,2.11132751076094,0
"512",2010-09-26,0.03878125,0,8.05416666666667,2.08330245268018,0
"513",2010-09-27,0.0326458333333333,0,9.71666666666667,2.05476575476082,0
"514",2010-09-28,0.0277291666666667,4.8,11.4208333333333,2.02574846736296,2.77425153263704
"515",2010-09-29,0.0265208333333333,0,10.0333333333333,1.99628164084667,0
"516",2010-09-30,0.0244270833333333,2.5,11.9041666666667,1.96639632557207,0.533603674427934
"517",2010-10-01,0.02296875,2.4,12.125,1.93612357189922,0.463876428100777
"518",2010-10-02,0.0229895833333333,0.4,12.1125,1.90549443018824,0
"519",2010-10-03,0.0221770833333333,0.6,11.9708333333333,1.8745399507992,0
"520",2010-10-04,0.0224270833333333,2.5,11.8333333333333,1.8432911840922,0.656708815907797
"521",2010-10-05,0.0428229166666667,0.9,11.2833333333333,1.81177918042734,0
"522",2010-10-06,0.03834375,1.8,11.5416666666667,1.78003499016469,0.0199650098353061
"523",2010-10-07,0.0323854166666667,1,13.8666666666667,1.74808966366437,0
"524",2010-10-08,0.0275416666666667,0,15.8,1.71597425128644,0
"525",2010-10-09,0.0233645833333333,0,14.7958333333333,1.68371980339102,0
"526",2010-10-10,0.0211458333333333,0,11.9916666666667,1.65135737033818,0
"527",2010-10-11,0.01940625,0,10.9916666666667,1.61891800248802,0
"528",2010-10-12,0.0183333333333333,0,8.98333333333333,1.58643275020064,0
"529",2010-10-13,0.0173125,0,8.26666666666667,1.55393266383612,0
"530",2010-10-14,0.0154479166666667,0,10.2583333333333,1.52144879375455,0
"531",2010-10-15,0.0147291666666667,0.5,11.2541666666667,1.48901219031603,0
"532",2010-10-16,0.014,0,8.49583333333333,1.45665360237424,0
"533",2010-10-17,0.0132708333333333,3.8,10.65,1.4244025727573,2.3755974272427
"534",2010-10-18,0.0138854166666667,7.3,11.7625,1.39228834278689,5.90771165721311
"535",2010-10-19,0.0411145833333333,2.6,9.30833333333333,1.36034015378472,1.23965984621528
"536",2010-10-20,0.0423958333333333,1.8,6.98333333333333,1.32858724707249,0.471412752927508
"537",2010-10-21,0.0353958333333333,3.7,10.3583333333333,1.2970588639719,2.4029411360281
"538",2010-10-22,0.186052083333333,13.8,10.1208333333333,1.26578424580465,12.5342157541954
"539",2010-10-23,0.218708333333333,1.4,7.30833333333333,1.23479263389244,0.165207366107561
"540",2010-10-24,0.0775729166666667,0,4.6625,1.20411326955697,0
"541",2010-10-25,0.045375,16,6.39583333333333,1.17377539411994,14.8262246058801
"542",2010-10-26,0.44575,7.1,14.1625,1.14380824890305,5.95619175109695
"543",2010-10-27,0.25159375,4.7,10.225,1.114241075228,3.585758924772
"544",2010-10-28,0.16065625,3,11.2125,1.08510311441649,1.91489688558351
"545",2010-10-29,0.289770833333333,15.5,10.2333333333333,1.05642360779022,14.4435763922098
"546",2010-10-30,0.282020833333333,0.5,7.81666666666667,1.0282317966709,0
"547",2010-10-31,0.07272,1.6,5.95,1.00055692238022,0.599443077619782
"548",2010-11-01,0.335854166666667,15,8.60833333333333,0.973428226239879,14.0265717737601
"549",2010-11-02,0.388770833333333,16.8,10.575,0.946874949571584,15.8531250504284
"550",2010-11-03,0.29003125,26.5,9.40833333333333,0.920926333697032,25.579073666303
"551",2010-11-04,1.09915625,20,12.9791666666667,0.895611619937923,19.1043883800621
"552",2010-11-05,0.36909375,3.9,9.875,0.870960049615959,3.02903995038404
"553",2010-11-06,0.2645625,9.4,5.04166666666667,0.847000864052839,8.55299913594716
"554",2010-11-07,0.21678125,19.4,4.44583333333333,0.823763304570264,18.5762366954297
"555",2010-11-08,0.500614583333333,1.2,5.98333333333333,0.801276612489934,0.398723387510066
"556",2010-11-09,0.123229166666667,0,6.6375,0.77957002913355,0
"557",2010-11-10,0.0624791666666667,9.5,5.33809523809524,0.758672795822811,8.74132720417719
"558",2010-11-11,0.27934375,11.3,9.19166666666667,0.738614153879419,10.5613858461206
"559",2010-11-12,0.200010416666667,1.4,8.30416666666667,0.719423344625073,0.680576655374927
"560",2010-11-13,0.0953645833333333,0,5.18333333333333,0.701129609381473,0
"561",2010-11-14,0.0581666666666667,0.4,1.73333333333333,0.683762189470321,0
"562",2010-11-15,0.06459375,6.2,4.8,0.667350326213316,5.53264967378668
"563",2010-11-16,0.137520833333333,21.7,7.85833333333333,0.65191237600373,21.0480876239963
"564",2010-11-17,0.614604166666667,16,8.55833333333333,0.637423155521119,15.3625768444789
"565",2010-11-18,0.471958333333333,6.8,8.84583333333333,0.62384659651661,6.17615340348339
"566",2010-11-19,0.166572916666667,0.2,5.69583333333333,0.61114663074133,0
"567",2010-11-20,0.07371875,0,6.1,0.599287189946406,0
"568",2010-11-21,0.0510104166666667,0,4.4304347826087,0.588232205882965,0
"569",2010-11-22,0.0408333333333333,0,2.73478260869565,0.577945610302134,0
"570",2010-11-23,0.03375,0.2,3.94,0.56839133495504,0
"571",2010-11-24,0.0302708333333333,0.5,2.60434782608696,0.559533311592811,0
"572",2010-11-25,0.0266979166666667,5.2,3.93333333333333,0.551335471966573,4.64866452803343
"573",2010-11-26,0.02628125,0.6,3.20434782608696,0.543761747827453,0.0562382521725472
"574",2010-11-27,0.02621875,0.5,1.2,0.536776070926578,0
"575",2010-11-28,0.0250729166666667,0,1.1,0.530342373015076,0
"576",2010-11-29,0.0231666666666667,0,1.86,0.524424585844074,0
"577",2010-11-30,0.0218854166666667,0,1.4,0.518986641164698,0
"578",2010-12-02,0.0192395833333333,0.5,1.9,0.513992470728076,0
"579",2010-12-03,0.018,2.3,2.195,0.509406006285334,1.79059399371467
"580",2010-12-04,0.018,1.4,1.95,0.5051911795876,0.8948088204124
"581",2010-12-05,0.018,0.4,2.39444444444444,0.501311922386001,0
"582",2010-12-06,0.018,2.6,1.33636363636364,0.497732166431664,2.10226783356834
"583",2010-12-08,0.017,0.2,1.85,0.494415843475716,0
"584",2010-12-09,0.105885416666667,3.1,6.98235294117647,0.491326885269284,2.60867311473072
"585",2010-12-10,0.354416666666667,1.2,8.11666666666667,0.488429223563494,0.711570776436506
"586",2010-12-11,0.109708333333333,0,6.0875,0.485686790109475,0
"587",2010-12-12,0.0574583333333333,0,1.92727272727273,0.483063516658353,0
"588",2010-12-13,0.0412083333333333,0,2.28888888888889,0.480523334961255,0
"589",2010-12-14,0.0336354166666667,0,3.69375,0.478030176769309,0
"590",2010-12-15,0.03015625,3.2,6.0375,0.47554797383364,2.72445202616636
"591",2010-12-16,0.0509166666666667,5,5.28095238095238,0.47305350530365,4.52694649469635
"592",2010-12-17,0.0628645833333333,6,0.605,0.470574939921827,5.52942506007817
"593",2010-12-26,0.0562708333333333,24,3.28695652173913,0.468153293828934,23.5318467061711
"594",2010-12-27,0.921552083333333,18,7.47083333333333,0.465829583165733,17.5341704168343
"595",2010-12-28,0.504916666666667,2.4,9.19166666666667,0.463644824072987,1.93635517592701
"596",2010-12-29,0.149177083333333,0.6,9.72083333333333,0.461640032691456,0.138359967308544
"597",2010-12-30,0.0879270833333333,0.5,8.05833333333333,0.459856225161904,0.0401437748380956
"598",2010-12-31,0.0555833333333333,0,7.1625,0.458334417625094,0
"599",2011-01-01,0.042625,0,5.8625,0.457115626221786,0
"600",2011-01-02,0.0363020833333333,0,2.4,0.456240867092743,0
"601",2011-01-03,0.0319791666666667,2.8,3.4,0.455751156378728,2.34424884362127
"602",2011-01-04,0.106614583333333,13.5,5.8875,0.455687510220503,13.0443124897795
"603",2011-01-05,0.23515625,3.1,4.22083333333333,0.45609094475883,2.64390905524117
"604",2011-01-06,0.111875,0,2.35555555555556,0.457002476134471,0
"605",2011-01-07,0.0558125,1,1.35,0.458463120488188,0.541536879511812
"606",2011-01-08,0.0402291666666667,2,3.19473684210526,0.460513893960744,1.53948610603926
"607",2011-01-09,0.04109375,7,5.15,0.4631958126929,6.5368041873071
"608",2011-01-10,0.134322916666667,5.5,3.97916666666667,0.46654989282542,5.03345010717458
"609",2011-01-11,0.2041875,4.5,4.8375,0.470617150499064,4.02938284950094
"610",2011-01-12,0.17053125,11.8,10.2208333333333,0.475438601854597,11.3245613981454
"611",2011-01-13,0.360375,7.6,10.7958333333333,0.481055263032778,7.11894473696722
"612",2011-01-14,0.170229166666667,8.8,8.16666666666667,0.487508150174372,8.31249184982563
"613",2011-01-15,0.383770833333333,10,11.15,0.49483827942014,9.50516172057986
"614",2011-01-16,0.299270833333333,0.4,8.675,0.503069866872659,0
"615",2011-01-17,0.08340625,0.5,5.275,0.512159928481766,0
"616",2011-01-18,0.0572708333333333,0,4.375,0.522048680159112,0
"617",2011-01-19,0.04875,0,2.17272727272727,0.532676337816349,0
"618",2011-01-20,0.0401979166666667,0,1.74,0.543983117365129,0
"619",2011-01-21,0.0340520833333333,0,3.01111111111111,0.555909234717103,0
"620",2011-01-22,0.03046875,0,2.41428571428571,0.568394905783922,0
"621",2011-01-23,0.0275625,2.8,3.18571428571429,0.581380346477239,2.21861965352276
"622",2011-01-24,0.027,5.2,5.56666666666667,0.594805772708705,4.6051942272913
"623",2011-01-25,0.0995104166666667,4.9,NA,0.608611400389971,4.29138859961003
"624",2011-01-26,0.14809375,0,NA,0.622737445432689,0
"625",2011-01-27,0.0588229166666667,0,1.5125,0.63712412374851,0
"626",2011-01-28,0.0430729166666667,0,2.09583333333333,0.651711651249087,0
"627",2011-01-29,0.0366875,0,0.766666666666667,0.66644024384607,0
"628",2011-01-30,0.0321979166666667,0,3.25833333333333,0.681250117451111,0
"629",2011-01-31,0.0288854166666667,4.5,7.78333333333333,0.696081487975862,3.80391851202414
"630",2011-02-01,0.0417604166666667,2.7,7.78333333333333,0.710874571331975,1.98912542866803
"631",2011-02-02,0.0851145833333333,5.7,8.025,0.7255695834311,4.9744304165689
"632",2011-02-03,0.20796875,13.6,5.76666666666667,0.74010674018489,12.8598932598151
"633",2011-02-04,0.382041666666667,17.7,9.275,0.754426257504995,16.945573742495
"634",2011-02-05,0.529645833333333,10,6.49583333333333,0.768468351303069,9.23153164869693
"635",2011-02-06,0.32775,30.8,5.7,0.782173237490761,30.0178267625092
"636",2011-02-07,0.985833333333333,4,4.17083333333333,0.795481131979725,3.20451886802028
"637",2011-02-08,0.177541666666667,1.9,5.17916666666667,0.80833225068161,1.09166774931839
"638",2011-02-09,0.196791666666667,11.5,8.9,0.82066680950807,10.6793331904919
"639",2011-02-10,0.24828125,2.2,4.10416666666667,0.832425024370754,1.36757497562925
"640",2011-02-11,0.153802083333333,2.5,7.2125,0.843547111181316,1.65645288881868
"641",2011-02-12,0.120885416666667,3,4.9875,0.853973285851406,2.14602671414859
"642",2011-02-13,0.0740208333333333,0.5,4.5375,0.863643764292677,0
"643",2011-02-14,0.0643854166666667,1.5,3.15833333333333,0.872498762416779,0.627501237583221
"644",2011-02-15,0.0646770833333333,4.6,3.98333333333333,0.880478496135364,3.71952150386464
"645",2011-02-16,0.103854166666667,0,5.35833333333333,0.887550222884788,0
"646",2011-02-17,0.05959375,0,3.02916666666667,0.893789366200222,0
"647",2011-02-18,0.0510416666666667,15,6.14583333333333,0.899298391141542,14.1007016088585
"648",2011-02-19,0.126479166666667,0,8.2375,0.904179762768621,0
"649",2011-02-20,0.0668020833333333,5,8.4,0.908535946141336,4.09146405385866
"650",2011-02-21,0.0818645833333333,3,8.20416666666667,0.912469406319561,2.08753059368044
"651",2011-02-22,0.16778125,5.3,9.17916666666667,0.916082608363172,4.38391739163683
"652",2011-02-23,0.29109375,0.6,11.2291666666667,0.919478017332044,0
"653",2011-02-24,0.0897916666666667,4.8,11.8875,0.922758098286053,3.87724190171395
"654",2011-02-25,0.172,4.9,10.9916666666667,0.926025316285072,3.97397468371493
"655",2011-02-26,0.16603125,2,6.7625,0.929382136388977,1.07061786361102
"656",2011-02-27,0.0995833333333333,0,6.45833333333333,0.932931023657644,0
"657",2011-02-28,0.0616145833333333,0,4.525,0.936774443150948,0
"658",2011-03-01,0.0446666666666667,0,7.175,0.941014859928764,0
"659",2011-03-02,0.0376979166666667,0,6.275,0.945754739050966,0
"660",2011-03-03,0.0323854166666667,0,6.6,0.951096545577431,0
"661",2011-03-04,0.0286041666666667,0,5.49583333333333,0.957142744568033,0
"662",2011-03-05,0.02553125,0.6,7.72083333333333,0.963995801082647,0
"663",2011-03-06,0.02340625,0,6.36666666666667,0.971758180181149,0
"664",2011-03-07,0.0216354166666667,0,7.35,0.980532346923413,0
"665",2011-03-08,0.0199583333333333,10.3,6.90833333333333,0.990420766369316,9.30957923363069
"666",2011-03-09,0.0429791666666667,14.2,7.07083333333333,1.00152590357873,13.1984740964213
"667",2011-03-10,0.170322916666667,5.4,6.27083333333333,1.01395022361153,4.38604977638847
"668",2011-03-11,0.116604166666667,12,3.8875,1.0277961915276,10.9722038084724
"669",2011-03-12,0.259947916666667,2.4,2.4625,1.04316627238681,1.35683372761319
"670",2011-03-13,0.216947916666667,5.4,3.40416666666667,1.06016293124903,4.33983706875097
"671",2011-03-14,0.146989583333333,0,4.23333333333333,1.07888863317413,0
"672",2011-03-15,0.0689270833333333,0,4.4625,1.09944584322201,0
"673",2011-03-16,0.0450729166666667,2.3,5.75833333333333,1.12189962286479,1.17810037713521
"674",2011-03-17,0.0374479166666667,0,6.05,1.1461654192237,0
"675",2011-03-18,0.032625,0,4.35,1.17212127583224,0
"676",2011-03-19,0.0291041666666667,3.7,6.2375,1.1996452362239,2.5003547637761
"677",2011-03-20,0.02996875,0,9.82083333333333,1.22861534393217,0
"678",2011-03-21,0.03575,2.7,10.925,1.25890964249054,1.44109035750946
"679",2011-03-22,0.03378125,0,10.6833333333333,1.29040617543251,0
"680",2011-03-23,0.03184375,0,11.0833333333333,1.32298298629158,0
"681",2011-03-24,0.0287708333333333,0,9.42083333333333,1.35651811860123,0
"682",2011-03-25,0.0260416666666667,0,7.3875,1.39088961589496,0
"683",2011-03-26,0.0233333333333333,0,8.90833333333333,1.42597552170626,0
"684",2011-03-27,0.0218586956521739,0,8.13478260869565,1.46165387956862,0
"685",2011-03-28,0.0201354166666667,0,6.6125,1.49780273301555,0
"686",2011-03-29,0.0194375,1.8,8.29166666666667,1.53430012558052,0.265699874419479
"687",2011-03-30,0.0173854166666667,6.4,10.3916666666667,1.57102410079704,4.82897589920296
"688",2011-03-31,0.01809375,7.1,11.4166666666667,1.6078527021986,5.4921472978014
"689",2011-04-01,0.121229166666667,18.8,12.9,1.64466397331868,17.1553360266813
"690",2011-04-02,0.51184375,7,8.55,1.6813359576908,5.3186640423092
"691",2011-04-03,0.128083333333333,0.6,7.9125,1.71774669884843,0
"692",2011-04-04,0.0721458333333333,13.3,10.7875,1.75377424032507,11.5462257596749
"693",2011-04-05,0.289510416666667,12.2,13.1041666666667,1.78929662565421,10.4107033743458
"694",2011-04-06,0.291645833333333,2.5,12.6458333333333,1.82419189836935,0.675808101630646
"695",2011-04-07,0.166458333333333,0,9.50833333333333,1.85833810200399,0
"696",2011-04-08,0.0671770833333333,0,10.5791666666667,1.8916132800916,0
"697",2011-04-09,0.0431666666666667,0,13.4583333333333,1.9238954761657,0
"698",2011-04-10,0.0339375,2.1,13.1083333333333,1.95506273375976,0.144937266240241
"699",2011-04-11,0.0298333333333333,2.8,9.20416666666667,1.98499309640729,0.815006903592713
"700",2011-04-12,0.0285208333333333,14,8.47916666666667,2.01356460764177,11.9864353923582
"701",2011-04-13,0.159416666666667,4.2,9.68333333333333,2.0406553109967,2.1593446890033
"702",2011-04-14,0.127979166666667,0.2,9.92083333333333,2.06614325000558,0
"703",2011-04-15,0.0558333333333333,0,10.3375,2.0899064682019,0
"704",2011-04-16,0.0399479166666667,0,9.49583333333333,2.11185650807119,0
"705",2011-04-17,0.0330833333333333,0,11.3291666666667,2.13203890790725,0
"706",2011-04-18,0.0297083333333333,0,11.6041666666667,2.15053270495589,0
"707",2011-04-19,0.0260416666666667,0,11.7583333333333,2.16741693646293,0
"708",2011-04-20,0.023125,0,12.2875,2.18277063967421,0
"709",2011-04-21,0.0214791666666667,0,13.6666666666667,2.19667285183555,0
"710",2011-04-22,0.0202291666666667,0,14.6833333333333,2.20920261019277,0
"711",2011-04-23,0.0195416666666667,0.8,10.075,2.22043895199171,0
"712",2011-04-24,0.018,0,10.1416666666667,2.23046091447819,0
"713",2011-04-25,0.0172291666666667,0,10.1916666666667,2.23934753489803,0
"714",2011-04-26,0.017,0,10.5625,2.24717785049706,0
"715",2011-04-27,0.0150833333333333,1.6,11.1708333333333,2.25403089852111,0
"716",2011-04-28,0.013,0,14.175,2.259985716216,0
"717",2011-04-29,0.0123854166666667,0,12.4416666666667,2.26512134082756,0
"718",2011-04-30,0.012,0,13.625,2.26951680960162,0
"719",2011-05-01,0.0117083333333333,0,13.275,2.273251159784,0
"720",2011-05-02,0.0110208333333333,0,12.1083333333333,2.27640342862052,0
"721",2011-05-03,0.011,0,10.025,2.27905265335702,0
"722",2011-05-04,0.01040625,6.8,10.4166666666667,2.28127787123931,4.51872212876069
"723",2011-05-05,0.00902083333333333,6.9,12.775,2.28315811951324,4.61684188048676
"724",2011-05-06,0.0100625,9.9,13.3041666666667,2.28477243542461,7.61522756457539
"725",2011-05-07,0.0205833333333333,1.5,14.0166666666667,2.28619985621926,0
"726",2011-05-08,0.0157708333333333,2.9,13.9916666666667,2.28751941914302,0.612480580856982
"727",2011-05-09,0.0244583333333333,8.5,12.5083333333333,2.2888101614417,6.2111898385583
"728",2011-05-10,0.0896145833333333,4,11.9208333333333,2.29015112036114,1.70984887963886
"729",2011-05-11,0.0445520833333333,11.5,10.55,2.29162133314717,9.20837866685283
"730",2011-05-12,0.221947916666667,8.5,10.3833333333333,2.2932998370456,6.2067001629544
"731",2011-05-13,0.0759895833333333,1.6,9.525,2.29526566930227,0
"732",2011-05-14,0.05309375,8.6,9.92083333333333,2.29759786716299,6.30240213283701
"733",2011-05-15,0.568395833333333,8.1,10.7333333333333,2.30037546787361,5.79962453212639
"734",2011-05-16,0.830697916666667,21.5,11.3708333333333,2.30366392398544,19.1963360760146
"735",2011-05-17,0.742927083333333,2.5,12.3583333333333,2.30747434927185,0.19252565072815
"736",2011-05-18,0.154166666666667,2.7,10.0291666666667,2.31180427281171,0.38819572718829
"737",2011-05-19,0.09784375,3.7,9.65416666666667,2.31665122368389,1.38334877631611
"738",2011-05-20,0.0795729166666667,0.6,9.86666666666667,2.32201273096724,0
"739",2011-05-21,0.179770833333333,21.7,10.6458333333333,2.32788632374065,19.3721136762593
"740",2011-05-22,0.408072916666667,7.7,10.2958333333333,2.33426953108298,5.36573046891702
"741",2011-05-23,0.3075,10.5,10.25,2.34115988207309,8.15884011792691
"742",2011-05-24,0.236052083333333,3.9,10.0416666666667,2.34855490578985,1.55144509421015
"743",2011-05-25,0.123322916666667,4,11.1416666666667,2.35645213131213,1.64354786868787
"744",2011-05-26,0.266291666666667,4.1,10.2041666666667,2.3648490877188,1.7351509122812
"745",2011-05-27,0.175135416666667,10.3,10.3791666666667,2.37374330408873,7.92625669591127
"746",2011-05-28,0.324291666666667,4.7,10.4083333333333,2.38313230950078,2.31686769049922
"747",2011-05-29,0.100375,0.5,10.8541666666667,2.39301363303382,0
"748",2011-05-30,0.05734375,3.6,9.34166666666667,2.40338480376672,1.19661519623328
"749",2011-05-31,0.0437916666666667,1.4,10.975,2.41424335077834,0
"750",2011-06-01,0.0381770833333333,0,14.3083333333333,2.42558680314755,0
"751",2011-06-02,0.0331666666666667,0,15.6416666666667,2.43741268995323,0
"752",2011-06-03,0.0294583333333333,0,13.8708333333333,2.44971854027423,0
"753",2011-06-04,0.0265208333333333,3.5,12.4041666666667,2.46250188318943,1.03749811681057
"754",2011-06-05,0.0752291666666667,22.7,9.49166666666667,2.47576024777769,20.2242397522223
"755",2011-06-06,0.0927916666666667,8.6,9.96666666666667,2.48949116311788,6.11050883688212
"756",2011-06-07,0.38596875,7,10.875,2.50369215828887,4.49630784171113
"757",2011-06-08,0.204552083333333,5.2,10.325,2.51836076236952,2.68163923763048
"758",2011-06-09,0.2334375,9.6,8.85,2.53349450443871,7.06650549556129
"759",2011-06-10,0.179979166666667,3.7,8.4125,2.54909091357529,1.15090908642471
"760",2011-06-11,0.113979166666667,2.4,10.0666666666667,2.56514751885815,0
"761",2011-06-12,0.05453125,2.3,9.6875,2.58166184936614,0
"762",2011-06-13,0.0409895833333333,0,11.425,2.59863143417813,0
"763",2011-06-14,0.03346875,2.4,13.2958333333333,2.61605380237299,0
"764",2011-06-15,0.0293541666666667,0,13.5583333333333,2.6339264830296,0
"765",2011-06-16,0.0250729166666667,8,10.7416666666667,2.65223587625414,5.34776412374586
"766",2011-06-17,0.0226770833333333,1.5,11.4375,2.67092386626221,0
"767",2011-06-18,0.0209895833333333,2.6,12.1666666666667,2.68992120829671,0
"768",2011-06-19,0.0191041666666667,0,12.6375,2.70915865760055,0
"769",2011-06-20,0.018,2,12.175,2.72856696941665,0
"770",2011-06-21,0.0186875,11.6,12.4333333333333,2.74807689898792,8.85192310101208
"771",2011-06-22,0.02478125,4.5,12.5875,2.76761920155728,1.73238079844272
"772",2011-06-23,0.0649375,1.7,11.9041666666667,2.78712463236764,0
"773",2011-06-24,0.0910416666666667,12,10.7375,2.80652394666191,9.19347605333809
"774",2011-06-25,0.192,1.2,15.8,2.825747899683,0
"775",2011-06-26,0.0728645833333333,1.3,14.875,2.84472724667384,0
"776",2011-06-27,0.0532395833333333,0,12.175,2.86339274287732,0
"777",2011-06-28,0.0455833333333333,8.8,11.675,2.88167514353637,5.91832485646363
"778",2011-06-29,0.061875,2.6,12.2625,2.8995052038939,0
"779",2011-06-30,0.0398541666666667,0,12.1625,2.91681367919282,0
"780",2011-07-01,0.0332083333333333,0,13.3875,2.93353132467604,0
"781",2011-07-02,0.0286979166666667,0,15.5916666666667,2.94958889558648,0
"782",2011-07-03,0.0243229166666667,0,13.875,2.96491714716706,0
"783",2011-07-04,0.0215,2.8,16.0291666666667,2.97944683466068,0
"784",2011-07-05,0.0208333333333333,7,14.4041666666667,2.99310871331026,4.00689128668974
"785",2011-07-06,0.0312083333333333,7.5,13.2958333333333,3.00583353835871,4.49416646164129
"786",2011-07-07,0.0800729166666667,12.5,13.1166666666667,3.01755206504894,9.48244793495106
"787",2011-07-08,0.413708333333333,1,14.1125,3.02819504862387,0
"788",2011-07-09,0.08875,0,13.65,3.03769324432642,0
"789",2011-07-10,0.0439583333333333,0,14.2083333333333,3.04597740739948,0
"790",2011-07-11,0.0341666666666667,0,13.825,3.05297829308599,0
"791",2011-07-12,0.0289270833333333,0,15.3333333333333,3.05862665662885,0
"792",2011-07-13,0.02478125,0,16.4333333333333,3.06285325327097,0
"793",2011-07-14,0.0221979166666667,1,14.2583333333333,3.06558883825527,0
"794",2011-07-15,0.020375,8,14.2208333333333,3.06676416682467,4.93323583317533
"795",2011-07-16,0.113625,12.2,13.525,3.06633435948025,9.13366564051975
"796",2011-07-17,0.516135416666667,10,13.45,3.06435199775585,6.93564800224415
"797",2011-07-18,0.5338125,11.7,12.8833333333333,3.0608940284435,8.6391059715565
"798",2011-07-19,0.28321875,0,12.7791666666667,3.05603739833522,0
"799",2011-07-20,0.0734479166666667,0,12.35,3.04985905422302,0
"800",2011-07-21,0.04325,0,12.5833333333333,3.04243594289892,0
"801",2011-07-22,0.0332083333333333,0,12.5,3.03384501115495,0
"802",2011-07-23,0.0281354166666667,0,12.7708333333333,3.02416320578313,0
"803",2011-07-24,0.02409375,1,14.1375,3.01346747357546,0
"804",2011-07-25,0.0215833333333333,1.2,14.1041666666667,3.00183476132398,0
"805",2011-07-26,0.0194791666666667,0.2,14.7125,2.98934201582071,0
"806",2011-07-27,0.0182604166666667,2.4,14.3166666666667,2.97606618385766,0
"807",2011-07-28,0.0172083333333333,0.2,14.0791666666667,2.96208421222686,0
"808",2011-07-29,0.0161979166666667,0,15.25,2.94747304772031,0
"809",2011-07-30,0.0150104166666667,3,15.9,2.93230963713006,0.0676903628699419
"810",2011-07-31,0.0149895833333333,0,15.2083333333333,2.91667092724811,0
"811",2011-08-01,0.01403125,0,14.35,2.90063386486648,0
"812",2011-08-02,0.0136875,0,14.5125,2.88427539677719,0
"813",2011-08-03,0.013,0,14.9708333333333,2.86767246977227,0
"814",2011-08-04,0.0122291666666667,0.9,15.125,2.85090203064373,0
"815",2011-08-05,0.012,2.1,13.275,2.8340410261836,0
"816",2011-08-06,0.012,5.6,12.6583333333333,2.81716640318389,2.78283359681611
"817",2011-08-07,0.012,1,13.8583333333333,2.80035510843663,0
"818",2011-08-08,0.01175,0.5,14.0125,2.78368408873383,0
"819",2011-08-09,0.01146875,6.2,13.3208333333333,2.76723029086751,3.43276970913249
"820",2011-08-10,0.26065625,23,16.1375,2.75107066162969,20.2489293383703
"821",2011-08-11,0.357708333333333,1.1,15.0958333333333,2.7352821478124,0
"822",2011-08-12,0.328125,9.5,14.9291666666667,2.71994169620766,6.78005830379234
"823",2011-08-13,0.15271875,0.9,14.1333333333333,2.70512625360747,0
"824",2011-08-14,0.0893333333333333,4.9,13.3458333333333,2.69091276680388,2.20908723319612
"825",2011-08-15,0.10915625,7.6,13.1,2.67737818258888,4.92262181741112
"826",2011-08-16,0.22178125,1.5,13.5708333333333,2.66457721365503,0
"827",2011-08-17,0.077875,0,13.1333333333333,2.65247563629696,0
"828",2011-08-18,0.0440520833333333,1.5,12.1875,2.64101699270981,0
"829",2011-08-19,0.0333125,4.7,12.175,2.63014482508875,2.06985517491125
"830",2011-08-20,0.0370520833333333,2,14.6541666666667,2.61980267562891,0
"831",2011-08-21,0.031625,0,14.3833333333333,2.60993408652547,0
"832",2011-08-22,0.0270833333333333,0,13.8875,2.60048259997356,0
"833",2011-08-23,0.0231145833333333,5.9,14.1541666666667,2.59139175816835,3.30860824183165
"834",2011-08-24,0.0363229166666667,5.8,12.1541666666667,2.58260510330497,3.21739489669503
"835",2011-08-25,0.0963229166666667,2,11.525,2.5740661775786,0
"836",2011-08-26,0.10375,8.6,11.6958333333333,2.56571852318437,6.03428147681563
"837",2011-08-27,0.270416666666667,2.1,13.725,2.55750568231744,0
"838",2011-08-28,0.0951354166666667,0.6,12.325,2.54937119717297,0
"839",2011-08-29,0.0496145833333333,3.5,12.1208333333333,2.5412586099461,0.9587413900539
"840",2011-08-30,0.03840625,0.8,12.5333333333333,2.53311146283199,0
"841",2011-08-31,0.0338645833333333,0,11.7083333333333,2.52487329802579,0
"842",2011-09-01,0.0292916666666667,1,14.5916666666667,2.51648765772266,0
"843",2011-09-02,0.0253645833333333,2,13.825,2.50789808411774,0
"844",2011-09-03,0.0923125,0,13.3875,2.49904811940618,0
"845",2011-09-04,0.0690729166666667,12,10.9541666666667,2.48988130578315,9.51011869421685
"846",2011-09-05,0.32728125,23.5,12.4916666666667,2.4803411854438,21.0196588145562
"847",2011-09-06,0.851447916666667,20.2,12.8708333333333,2.47037130058326,17.7296286994167
"848",2011-09-07,0.662364583333333,10.6,12.0791666666667,2.45991519339671,8.14008480660329
"849",2011-09-08,0.367947916666667,3.3,12.4708333333333,2.44891640607929,0.851083593920712
"850",2011-09-09,0.136739583333333,1.4,16.95,2.43731848082615,0
"851",2011-09-10,0.0998125,2.3,16.2791666666667,2.42506495983244,0
"852",2011-09-11,0.1824375,10.6,13.1458333333333,2.41209938529333,8.18790061470667
"853",2011-09-12,0.37675,2,14.1291666666667,2.39836529940395,0
"854",2011-09-13,0.09215625,14,12.0125,2.38380624435947,11.6161937556405
"855",2011-09-14,0.569208333333333,3,12.8,2.36836576235504,0.631634237644964
"856",2011-09-15,0.157760416666667,2.7,12.7833333333333,2.3519873955858,0.348012604414202
"857",2011-09-16,0.232510416666667,15.4,12.6833333333333,2.33463390815016,13.0653660918498
"858",2011-09-17,0.4829375,11.3,12.25,2.31634495175956,8.98365504824044
"859",2011-09-18,0.415729166666667,5.8,12.9833333333333,2.29717940002865,3.50282059997135
"860",2011-09-19,0.305614583333333,8.8,12.5208333333333,2.27719612657212,6.52280387342788
"861",2011-09-20,0.241416666666667,1,11.7208333333333,2.25645400500465,0
"862",2011-09-21,0.204104166666667,10.6,11.9833333333333,2.23501190894091,8.36498809105909
"863",2011-09-22,0.115791666666667,5,12.4625,2.21292871199557,2.78707128800443
"864",2011-09-23,0.0917916666666667,0.5,14.3333333333333,2.19026328778331,0
"865",2011-09-24,0.06809375,0,13.5208333333333,2.16707450991881,0
"866",2011-09-25,0.109333333333333,4.4,13.475,2.14342125201674,2.25657874798326
"867",2011-09-26,0.0957708333333333,1.7,11.5833333333333,2.11936238769177,0
"868",2011-09-27,0.0637916666666667,0,16.4708333333333,2.09495679055859,0
"869",2011-09-28,0.0473958333333333,1.7,17.675,2.07026333423187,0
"870",2011-09-29,0.0386875,1.8,16.925,2.04534089232629,0
"871",2011-09-30,0.148833333333333,9,14.8375,2.02024833845652,6.97975166154348
"872",2011-10-01,0.118375,7.6,11.7291666666667,1.99504454623723,5.60495545376277
"873",2011-10-02,0.1314375,0.2,12.7958333333333,1.9697883892831,0
"874",2011-10-03,0.07390625,0.5,12.8083333333333,1.94453874120882,0
"875",2011-10-04,0.0529895833333333,5,12.2083333333333,1.91935447562904,3.08064552437096
"876",2011-10-05,0.20528125,15.5,13.3833333333333,1.89429446615846,13.6057055338415
"877",2011-10-06,0.513364583333333,15.3,10.2833333333333,1.86941758641174,13.4305824135883
"878",2011-10-07,0.596166666666667,4.7,11.4375,1.84478271000356,2.85521728999644
"879",2011-10-08,0.48321875,10.3,13.6583333333333,1.8204487105486,8.4795512894514
"880",2011-10-09,0.608552083333333,24.5,13.8458333333333,1.79647446166153,22.7035255383385
"881",2011-10-10,0.909333333333333,28,12.4083333333333,1.77291883695703,26.227081163043
"882",2011-10-11,1.1680625,15,12.8916666666667,1.74984071004977,13.2501592899502
"883",2011-10-12,0.8975625,1,13.1333333333333,1.72729895455443,0
"884",2011-10-13,0.16153125,1.2,13.0416666666667,1.70535244408569,0
"885",2011-10-14,0.0879791666666667,5.7,14.5125,1.68406005225822,4.01593994774178
"886",2011-10-15,0.222791666666667,4,12.2625,1.66348065268669,2.33651934731331
"887",2011-10-16,0.137645833333333,20.3,10.8875,1.64365649161223,18.6563435083878
"888",2011-10-17,0.928239583333333,44.7,8.2625,1.62456330578174,43.0754366942183
"889",2011-10-18,0.822375,14.1,8.84166666666667,1.60616020456857,12.4938397954314
"890",2011-10-19,0.326,2.8,8.0625,1.58840629734605,1.21159370265395
"891",2011-10-20,0.223479166666667,11,9.4375,1.57126069348754,9.42873930651246
"892",2011-10-21,0.428020833333333,0.6,13.1708333333333,1.55468250236639,0
"893",2011-10-22,0.340177083333333,15.8,10.4708333333333,1.53863083335593,14.2613691666441
"894",2011-10-23,0.295083333333333,18.8,10.7125,1.52306479582952,17.2769352041705
"895",2011-10-24,0.46959375,19.2,12.0333333333333,1.5079434991605,17.6920565008395
"896",2011-10-25,0.5913125,7.9,8.625,1.49322605272222,6.40677394727778
"897",2011-10-26,0.177020833333333,2.8,8.09583333333333,1.47887156588802,1.32112843411198
"898",2011-10-27,0.0979270833333333,0.6,8.9125,1.46483914803125,0
"899",2011-10-28,0.07384375,3.3,10.0416666666667,1.45108790852525,1.84891209147475
"900",2011-10-29,0.41525,3.4,12.9416666666667,1.43757695674338,1.96242304325662
"901",2011-10-30,0.15014,4.1,14.0208333333333,1.42426540205898,2.67573459794102
"902",2011-10-31,0.139302083333333,1.2,12.8208333333333,1.41111235384539,0
"903",2011-11-01,0.11234375,2,9.34166666666667,1.39807692147596,0.601923078524041
"904",2011-11-02,0.0663020833333333,0.2,13.3458333333333,1.38511821432404,0
"905",2011-11-03,0.186833333333333,17.6,12.3708333333333,1.37219534176296,16.227804658237
"906",2011-11-04,0.246552083333333,0.2,9.25833333333333,1.35926741316609,0
"907",2011-11-05,0.0802604166666667,0,6.79166666666667,1.34629353790676,0
"908",2011-11-06,0.05365625,0,7.65416666666667,1.33323282535833,0
"909",2011-11-07,0.0434895833333333,0,7.01666666666667,1.32004438489413,0
"910",2011-11-08,0.0381458333333333,0.5,10.2625,1.30668732588751,0
"911",2011-11-09,0.0334895833333333,0.2,11.6916666666667,1.29312075771182,0
"912",2011-11-10,0.0313645833333333,0,11.0125,1.27930378974041,0
"913",2011-11-11,0.0311666666666667,0,12.35,1.26519553134662,0
"914",2011-11-12,0.03934375,0,9.94583333333333,1.25075509190379,0
"915",2011-11-13,0.0346458333333333,0,12.9541666666667,1.23594158078528,0
"916",2011-11-14,0.031375,0,10.8958333333333,1.22071410736443,0
"917",2011-11-15,0.028625,0,8.60416666666667,1.20503178101459,0
"918",2011-11-16,0.02565625,14.5,9.38333333333333,1.18886887068118,13.3111311293188
"919",2011-11-17,0.1688125,9.2,10.25,1.17226028359798,8.02773971640202
"920",2011-11-18,0.217625,3.4,12.9791666666667,1.15525608657085,2.24474391342915
"921",2011-11-19,0.147947916666667,0,11.1791666666667,1.13790634640564,0
"922",2011-11-20,0.0813020833333333,3.9,10.275,1.12026112990821,2.77973887009179
"923",2011-11-21,0.120135416666667,2.5,8.79583333333333,1.10237050388442,1.39762949611558
"924",2011-11-22,0.09503125,1.6,7.55416666666667,1.08428453514012,0.515715464859877
"925",2011-11-23,0.263520833333333,12.7,10.5666666666667,1.06605329048118,11.6339467095188
"926",2011-11-24,0.368510416666667,11,10.925,1.04772683671344,9.95227316328656
"927",2011-11-25,0.248447916666667,0.5,6.86666666666667,1.02935524064277,0
"928",2011-11-26,0.3261875,21.8,12.1416666666667,1.01098856907501,20.789011430925
"929",2011-11-27,0.413208333333333,0.4,8.2,0.992676888816042,0
"930",2011-11-28,0.219114583333333,41.8,9.62083333333333,0.974470266671707,40.8255297333283
"931",2011-11-29,1.08359375,4.2,7.30416666666667,0.956418769447865,3.24358123055213
"932",2011-11-30,0.227479166666667,17.2,7.6625,0.938572463950374,16.2614275360496
"933",2011-12-01,0.492052083333333,4.8,5.34166666666667,0.92098141698509,3.87901858301491
"934",2011-12-02,0.273614583333333,14.8,6.95,0.903695695357871,13.8963043046421
"935",2011-12-03,0.3980625,16,7.875,0.886765365874572,15.1132346341254
"936",2011-12-04,0.745520833333333,12.8,5.29166666666667,0.870240495341053,11.9297595046589
"937",2011-12-05,0.433916666666667,13.4,4.99583333333333,0.854171150563169,12.5458288494368
"938",2011-12-06,0.545739583333333,7,5.8875,0.838607398346778,6.16139260165322
"939",2011-12-07,0.338166666666667,12,6.22083333333333,0.823599305497736,11.1764006945023
"940",2011-12-08,0.534552083333333,13.3,7.27083333333333,0.809196938821902,12.4908030611781
"941",2011-12-09,0.351947916666667,2.8,4.31666666666667,0.79545036512513,2.00454963487487
"942",2011-12-10,0.223125,3.5,5.5375,0.78240965121328,2.71759034878672
"943",2011-12-11,0.265166666666667,5.3,5.1375,0.770124863892207,4.52987513610779
"944",2011-12-12,0.175364583333333,12.5,4.97083333333333,0.758646069967769,11.7413539300322
"945",2011-12-13,0.226541666666667,6.6,3.92083333333333,0.748023336245823,5.85197666375418
"946",2011-12-14,0.196458333333333,2.5,3.70833333333333,0.738306729532226,1.76169327046777
"947",2011-12-15,0.180010416666667,2.2,3.55416666666667,0.729546316632835,1.47045368336717
"948",2011-12-16,0.141083333333333,13,3.65416666666667,0.72177763415295,12.278222365847
"949",2011-12-17,0.33846875,6.3,4.15833333333333,0.714978097895648,5.58502190210435
"950",2011-12-18,0.446916666666667,17.7,5.41666666666667,0.70911059346345,16.9908894065365
"951",2011-12-19,0.837,3.4,7.82083333333333,0.704138006458873,2.69586199354113
"952",2011-12-20,0.36284375,12.5,7.70416666666667,0.70002322248444,11.7999767775156
"953",2011-12-21,0.527395833333333,0.5,10.9041666666667,0.696729127142669,0
"954",2011-12-22,0.130020833333333,8,11.8291666666667,0.69421860603608,7.30578139396392
"955",2011-12-23,0.312104166666667,3.1,6.2375,0.692454544767194,2.40754545523281
"956",2011-12-24,0.260239583333333,9,8.8625,0.691399828938531,8.30860017106147
"957",2011-12-25,0.207916666666667,3.3,12.2,0.69101734415261,2.60898265584739
"958",2011-12-26,0.1405,5.1,11.9083333333333,0.69126997601195,4.40873002398805
"959",2011-12-27,0.224989583333333,5.4,8.2125,0.692120610119074,4.70787938988093
"960",2011-12-28,0.297697916666667,19.3,6.85833333333333,0.693532132076499,18.6064678679235
"961",2011-12-29,0.656135416666667,3.2,7.75,0.695467427486746,2.50453257251325
"962",2011-12-30,0.516895833333333,18.8,9.4625,0.697889381952335,18.1021106180477
"963",2011-12-31,0.518583333333333,8.5,10.3833333333333,0.700760881075786,7.79923911892421
"964",2012-01-01,0.294197916666667,5.9,5.52083333333333,0.704044810459619,5.19595518954038
"965",2012-01-02,0.1874375,10.4,4.04583333333333,0.707704055706353,9.69229594429365
"966",2012-01-03,0.321822916666667,10.2,6.92083333333333,0.71170150241851,9.48829849758149
"967",2012-01-04,0.533885416666667,32.6,7.77916666666667,0.716000036198608,31.8839999638014
"968",2012-01-05,0.38728125,1.8,8.425,0.720562542649167,1.07943745735083
"969",2012-01-06,0.170958333333333,5,8.70416666666667,0.725351907372708,4.27464809262729
"970",2012-01-07,0.198958333333333,4.3,8.12083333333333,0.73033101597175,3.56966898402825
"971",2012-01-08,0.18240625,4,9.7125,0.735462754048814,3.26453724595119
"972",2012-01-09,0.18659375,0.5,8,0.740710007206418,0
"973",2012-01-10,0.119864583333333,6.9,9.18333333333333,0.746035661047085,6.15396433895292
"974",2012-01-11,0.280635416666667,3.5,9.70833333333333,0.751402601173332,2.74859739882667
"975",2012-01-12,0.176666666666667,0,7.48333333333333,0.75677371318768,0
"976",2012-01-13,0.0958541666666667,0,4.70833333333333,0.762111882692649,0
"977",2012-01-14,0.0674375,0,5.275,0.767379995290759,0
"978",2012-01-15,0.0518958333333333,0,4.60833333333333,0.77254093658453,0
"979",2012-01-16,0.0422916666666667,2.4,4.77083333333333,0.777568997681439,1.62243100231856
"980",2012-01-17,0.0375625,0,8.99583333333333,0.782484091708791,0
"981",2012-01-18,0.0441666666666667,3.2,8.3,0.78731753729885,2.41268246270115
"982",2012-01-19,0.11146875,27.5,6.34166666666667,0.792100653083879,26.7078993469161
"983",2012-01-20,0.802916666666667,3.2,8.8625,0.79686475769614,2.40313524230386
"984",2012-01-21,0.278052083333333,1,7.83333333333333,0.801641169767897,0.198358830232103
"985",2012-01-22,0.124677083333333,2.5,7.83333333333333,0.806461207931412,1.69353879206859
"986",2012-01-23,0.0873125,18.5,6.60416666666667,0.811356190818948,17.6886438091811
"987",2012-01-24,0.760375,1.3,9.87083333333333,0.816357437062769,0.483642562937232
"988",2012-01-25,0.276989583333333,9.5,7.87916666666667,0.821496265295136,8.67850373470486
"989",2012-01-26,0.329625,15.5,4,0.826803994148314,14.6731960058517
"990",2012-01-27,0.486552083333333,5,5.35,0.832311942254564,4.16768805774544
"991",2012-01-28,0.28821875,20.8,4.5,0.838051428246151,19.9619485717539
"992",2012-01-29,0.814510416666667,4.5,7.29166666666667,0.844053770755336,3.65594622924466
"993",2012-01-30,0.1996875,0.9,4.55416666666667,0.850350288414384,0.0496497115856165
"994",2012-01-31,0.1045625,0,3.49583333333333,0.856972299855555,0
"995",2012-02-01,0.0661979166666667,0,1.54166666666667,0.863951123711115,0
"996",2012-02-02,0.0509583333333333,0,0.7,0.871318078613325,0
"997",2012-02-03,0.0422083333333333,8,3,0.879104483194449,7.12089551680555
"998",2012-02-04,0.2939375,6.2,7.52083333333333,0.887341656086749,5.31265834391325
"999",2012-02-05,0.148427083333333,3,6.90416666666667,0.896060915922488,2.10393908407751
"1000",2012-02-06,0.12396875,1,7.675,0.90529358133393,0.0947064186660698
"1001",2012-02-07,0.0927291666666667,3.1,6.72083333333333,0.915070970953337,2.18492902904666
"1002",2012-02-08,0.440041666666667,17.5,6.67916666666667,0.925424403412972,16.574575596587
"1003",2012-02-09,0.669229166666667,1.5,9.675,0.936385197345099,0.563614802654901
"1004",2012-02-10,0.185375,5.5,9.57916666666667,0.947984671381979,4.55201532861802
"1005",2012-02-11,0.229614583333333,0,6.89166666666667,0.960254144155876,0
"1006",2012-02-12,0.11178125,1.1,5.80416666666667,0.973224934299053,0.126775065700947
"1007",2012-02-13,0.07440625,0,7.56666666666667,0.986928360443773,0
"1008",2012-02-14,0.061,0.8,7.87083333333333,1.0013957412223,0
"1009",2012-02-15,0.0494479166666667,2.3,8.325,1.01665839526689,1.28334160473311
"1010",2012-02-16,0.336010416666667,7.1,8.64166666666667,1.03272681343878,6.06727318656122
"1011",2012-02-17,0.430072916666667,15.3,8.6125,1.04952817551506,14.2504718244849
"1012",2012-02-18,0.456510416666667,4.6,5.74583333333333,1.06696883350177,3.53303116649823
"1013",2012-02-19,0.147885416666667,4.4,5.025,1.08495513940498,3.31504486059502
"1014",2012-02-20,0.425197916666667,17.8,8.69166666666667,1.10339344523073,16.6966065547693
"1015",2012-02-21,0.282625,5.3,10.9458333333333,1.12219010298508,4.17780989701492
"1016",2012-02-22,0.248208333333333,2.4,11.4,1.14125146467408,1.25874853532592
"1017",2012-02-23,0.205447916666667,2.4,11.7916666666667,1.16048388230379,1.23951611769621
"1018",2012-02-24,0.128416666666667,0,8.35833333333333,1.17979370788025,0
"1019",2012-02-25,0.0816458333333333,1,7.6625,1.19908729340953,0
"1020",2012-02-26,0.0575104166666667,0.5,8.70416666666667,1.21827099089767,0
"1021",2012-02-27,0.182333333333333,1,11.3,1.23725115235073,0
"1022",2012-02-28,0.135447916666667,0,11.0375,1.25593412977476,0
"1023",2012-02-29,0.0829375,0.7,10.1958333333333,1.27422627517582,0
"1024",2012-03-01,0.0558854166666667,0.3,9.2125,1.29203394055995,0
"1025",2012-03-02,0.0468958333333333,2.3,7.95416666666667,1.30926347793322,0.990736522066783
"1026",2012-03-03,0.04890625,3.5,7.22083333333333,1.32582123930167,2.17417876069833
"1027",2012-03-04,0.0731458333333333,6.5,4.75833333333333,1.34161357667136,5.15838642332864
"1028",2012-03-05,0.0978125,8.3,6.72083333333333,1.35654684204834,6.94345315795166
"1029",2012-03-06,0.572822916666667,18.2,8.41666666666667,1.37052738743867,16.8294726125613
"1030",2012-03-07,0.4003125,4.5,6.7,1.38346156484839,3.11653843515161
"1031",2012-03-08,0.205114583333333,1,9.24166666666667,1.39525572628357,0
"1032",2012-03-09,0.10184375,7,10.7708333333333,1.40581622375025,5.59418377624974
"1033",2012-03-10,0.238729166666667,0.8,9.97916666666667,1.4150494092545,0
"1034",2012-03-11,0.126885416666667,0.8,9.0875,1.42286163480235,0
"1035",2012-03-12,0.07565625,0,8.175,1.42915925239987,0
"1036",2012-03-13,0.05628125,0,NA,1.43384861405311,0
"1037",2012-03-14,0.04528125,0,8.9125,1.43683607176811,0
"1038",2012-03-15,0.0399166666666667,8.3,9.325,1.43802797755095,6.86197202244905
"1039",2012-03-16,0.198583333333333,0.6,8.70833333333333,1.43737177242962,0
"1040",2012-03-17,0.09028125,1.3,5.62916666666667,1.43497925352,0
"1041",2012-03-18,0.0653333333333333,0,5.4625,1.43100330695991,0
"1042",2012-03-19,0.0486666666666667,2.4,9.20833333333333,1.42559681888717,0.974403181112831
"1043",2012-03-20,0.0400208333333333,0,11,1.41891267543961,0
"1044",2012-03-21,0.03521875,0,9.93333333333333,1.41110376275505,0
"1045",2012-03-22,0.03153125,0.8,9.33333333333333,1.40232296697131,0
"1046",2012-03-23,0.0275416666666667,0,9.82916666666667,1.39272317422623,0
"1047",2012-03-24,0.024625,0,12.5041666666667,1.38245727065763,0
"1048",2012-03-25,0.0224673913043478,0,14.9739130434783,1.37167814240333,0
"1049",2012-03-26,0.0213333333333333,0,12.6375,1.36053867560115,0
"1050",2012-03-27,0.0206666666666667,0,12.6541666666667,1.34919175638892,0
"1051",2012-03-28,0.0198958333333333,0,9.92916666666667,1.33779027090448,0
"1052",2012-03-29,0.01903125,0,8.3625,1.32648710528563,0
"1053",2012-03-30,0.0180625,0,9.54166666666667,1.3154351456702,0
"1054",2012-03-31,0.018,0,9.12916666666667,1.30478727819603,0
"1055",2012-04-01,0.0172604166666667,1.4,6.62083333333333,1.29469638900093,0.105303610999067
"1056",2012-04-02,0.017,4.6,8.77916666666667,1.28531536422273,3.31468463577727
"1057",2012-04-03,0.017,1.7,NA,1.27679708999926,0.423202910000739
"1058",2012-04-04,0.0157708333333333,0.5,4.575,1.26929445246834,0
"1059",2012-04-05,0.015,0.5,6.22083333333333,1.26296033776779,0
"1060",2012-04-06,0.01440625,1.2,8.49583333333333,1.25794763203543,0
"1061",2012-04-07,0.014,0,9.725,1.25440922140911,0
"1062",2012-04-08,0.01453125,7.3,8.89583333333333,1.25249799202663,6.04750200797337
"1063",2012-04-09,0.089875,15.8,NA,1.25236683002582,14.5476331699742
"1064",2012-04-10,0.321729166666667,5.3,6.925,1.25416862154451,4.04583137845549
"1065",2012-04-11,0.168833333333333,4.2,7.42916666666667,1.25805625272053,2.94194374727947
"1066",2012-04-12,0.152416666666667,0,7.53333333333333,1.26418260969169,0
"1067",2012-04-13,0.085125,0,4.66666666666667,1.27270057859582,0
"1068",2012-04-14,0.0509375,0,5.19583333333333,1.28376304557075,0
"1069",2012-04-15,0.0403645833333333,0,4.975,1.2975228967543,0
"1070",2012-04-16,0.0343125,15.5,NA,1.31408184526666,14.1859181547333
"1071",2012-04-17,0.278510416666667,4.8,7.225,1.3333369121574,3.4666630878426
"1072",2012-04-18,0.1509375,0,7.15416666666667,1.35513394545847,0
"1073",2012-04-19,0.0587395833333333,4.4,7.47916666666667,1.37931879320182,3.02068120679818
"1074",2012-04-20,0.0434583333333333,2.8,NA,1.40573730341938,1.39426269658062
"1075",2012-04-21,0.03878125,3.2,8.7625,1.4342353241431,1.7657646758569
"1076",2012-04-22,0.0392708333333333,1.2,8.39166666666667,1.46465870340493,0
"1077",2012-04-23,0.0393958333333333,2,6.55416666666667,1.4968532892368,0.503146710763203
"1078",2012-04-24,0.0353854166666667,2.7,6.55416666666667,1.53066492967065,1.16933507032935
"1079",2012-04-25,0.0325104166666667,2.2,7.00833333333333,1.56593947273844,0.634060527261562
"1080",2012-04-26,0.0289166666666667,0,8.08333333333333,1.60252276647209,0
"1081",2012-04-27,0.02640625,0,6.22916666666667,1.64026065890357,0
"1082",2012-04-28,0.0244166666666667,0,7.0125,1.6789989980648,0
"1083",2012-04-29,0.024,0.8,7.30833333333333,1.71858363198772,0
"1084",2012-04-30,0.02271875,0,9.99583333333333,1.75886040870429,0
"1085",2012-05-01,0.0219895833333333,0,11.5083333333333,1.79967517624645,0
